ts_epoch_ms,link_id,throughput_mbps,latency_ms,packet_loss_pct,utilization_pct,queue_length,active_flows,will_fail_in_5s
1790248621884,L1,54.96714153011233,6.399355436586002,0.0,43.24821725025618,4,9,0
1790248622884,L1,48.61735698828815,5.924633682912769,0.0,48.55481329284482,1,12,0
1790248623884,L1,56.47688538100692,5.059630369920174,0.0,42.075800790000386,0,9,0
1790248624884,L1,65.23029856408026,4.353063222294426,0.0,46.9203847036096,2,10,0
1790248625884,L1,47.658466252766644,5.69822331361359,0.0,31.063853330462145,2,16,0
1790248626884,L1,47.6586304305082,5.39348538542175,0.0,52.13293707372939,3,14,0
1790248627884,L1,65.79212815507391,5.895193220027732,0.0,50.012054753622245,1,13,0
1790248628884,L1,57.67434729152909,5.635171801681969,0.0,41.82911368931809,2,9,0
1790248629884,L1,45.30525614065048,6.049552715319335,0.0,56.59245668432405,0,10,0
1790248630884,L1,55.42560043585965,4.464764788439432,0.0,59.37570137626558,3,18,0
1790248631884,L1,45.365823071875376,6.317394065634326,0.0,33.924401356310256,3,5,0
1790248632884,L1,45.34270246429743,5.1975996046924,0.0,42.37275221433786,2,3,0
1790248633884,L1,52.41962271566034,7.0752608726252655,0.0,42.30857650212702,0,7,0
1790248634884,L1,30.86719755342202,4.310812181910432,0.0,40.600968988911355,3,9,0
1790248635884,L1,32.75082167486967,6.73596380316525,0.0,58.294748419317486,2,12,0
1790248636884,L1,44.377124707590276,5.197910783462648,0.0,48.06173861227197,4,8,0
1790248637884,L1,39.87168879665576,4.348581996385551,0.0,47.35485158689389,1,13,0
1790248638884,L1,53.142473325952736,4.5161141659456785,0.0,29.961376355932465,3,10,0
1790248639884,L1,40.91975924478789,4.67965269180568,0.0,56.35418030209227,2,10,0
1790248640884,L1,35.87696298664709,5.424165946401916,0.0,37.60741605146527,4,7,0
1790248641884,L1,64.65648768921554,5.5228354880355,0.0,50.599326302663286,0,7,0
1790248642884,L1,47.74223699513465,4.426299996061421,0.0,52.77376937958192,2,12,0
1790248643884,L1,50.67528204687924,4.975645407739017,0.0,63.60658595838651,1,16,0
1790248644884,L1,35.75251813786543,7.142270358611864,0.0,36.91179600880888,1,15,0
1790248645884,L1,44.556172754748175,6.727543170100711,0.0,19.804878441791747,1,9,0
1790248646884,L1,51.10922589709866,5.4363236696740325,0.0,51.83849544753695,0,15,0
1790248647884,L1,38.49006422577697,5.0380034781682,0.0,68.00511181510853,1,6,0
1790248648884,L1,53.75698018345672,5.120031326718261,0.0,62.38946352939438,2,15,0
1790248649884,L1,43.99361310081195,5.613517972730417,0.0,52.096594152746256,3,9,0
1790248650884,L1,47.083062502067236,3.9772074348015947,0.0,45.08363814367953,5,11,0
1790248651884,L1,43.98293387770603,4.742623462576655,0.0,58.071225966373106,3,11,0
1790248652884,L1,68.52278184508938,3.33141592612241,0.0,40.26453800295531,2,15,0
1790248653884,L1,49.86502775262066,5.399223122605279,0.0,54.76357769356219,4,18,0
1790248654884,L1,39.422890710441,5.647195939702741,0.0,55.054701591666266,3,10,0
1790248655884,L1,58.22544912103189,4.516813537700626,0.0,60.6020990749888,2,9,0
1790248656884,L1,37.791563500289776,6.573986763290033,0.0,77.59660038911078,1,10,0
1790248657884,L1,52.08863595004755,3.774234336997659,0.0,53.92415967178767,1,11,0
1790248658884,L1,30.403298761202244,3.53562511979018,0.0,44.910363742925014,4,14,0
1790248659884,L1,36.71813951101569,5.224451818559972,0.0,49.74425687808006,5,7,0
1790248660884,L1,51.96861235869123,6.047098302612154,0.0,32.30924095110882,1,13,0
1790248661884,L1,57.38466579995411,6.6839276914578685,0.0,43.05286868910942,3,13,0
1790248662884,L1,51.7136828118997,4.54111573713106,0.0,45.90717561886896,2,8,0
1790248663884,L1,48.843517176117594,6.078680833431296,0.0,44.759116020654076,1,16,0
1790248664884,L1,46.98896304410711,4.961491530499293,0.0,51.52354872033722,2,7,0
1790248665884,L1,35.214780096325725,4.82737270005918,0.0,41.775800676177994,1,6,0
1790248666884,L1,42.801557916052914,10.0,0.0,61.210306673244716,10,10,1
1790248667884,L1,45.393612290402125,20.0,5.0,50.002070649181974,30,16,1
1790248668884,L1,60.57122226218916,50.0,20.0,49.90699678861374,60,10,1
1790248669884,L1,53.43618289568462,80.0,50.0,46.72105283487082,90,13,1
1790248670884,L1,32.36959844637266,99.0,100.0,51.551906838589794,100,8,1
1790248671884,L1,53.24083969394795,4.374437298490471,0.0,58.25098264667635,2,7,0
1790248672884,L1,46.149177195836835,5.395803533437409,0.0,41.328697842890996,3,8,0
1790248673884,L1,43.23077999694041,5.494030186282739,0.0,43.41883510924743,0,7,0
1790248674884,L1,56.11676288840868,5.260673765823907,0.0,46.96273971223335,0,14,0
1790248675884,L1,60.30999522495951,4.44969484615458,0.0,36.54129076526785,2,7,0
1790248676884,L1,59.31280119116199,4.328376632061948,0.0,41.807421402785025,1,8,0
1790248677884,L1,41.607824767773614,4.974445929008555,0.0,45.23779126455341,2,9,0
1790248678884,L1,46.907876241487855,6.172729019259364,0.0,58.74389180712727,3,11,0
1790248679884,L1,53.31263431403564,5.543600154594432,0.0,52.62561329001925,2,16,0
1790248680884,L1,59.75545127122359,4.629385667913894,0.0,51.93589911367545,3,7,0
1790248681884,L1,45.2082576215471,5.771698710648344,0.0,58.50897962167972,3,11,0
1790248682884,L1,48.14341023336183,2.1514573793699245,0.0,48.62628211600603,3,9,0
1790248683884,L1,38.93665025993972,6.1487657003721035,0.0,53.904648499288896,2,12,0
1790248684884,L1,38.037933759193294,3.2602862212219,0.0,48.96778247067504,0,8,0
1790248685884,L1,58.125258223941984,4.637559058596868,0.0,52.653623493996285,2,9,0
1790248686884,L1,63.56240028570823,3.880330105373856,0.0,44.17241342388418,2,17,0
1790248687884,L1,49.27989878419666,3.7053185242790945,0.0,25.61182841723571,2,8,0
1790248688884,L1,60.03532897892024,6.160826787378519,0.0,48.65720837813696,3,10,0
1790248689884,L1,53.61636025047634,4.5322987986881085,0.0,64.2274813609994,1,12,0
1790248690884,L1,43.54880245394876,5.346503881730715,0.0,59.26215402241592,2,11,0
1790248691884,L1,53.61395605508414,4.953079421120816,0.0,59.653974845911705,0,6,0
1790248692884,L1,65.38036566465969,5.477040827223122,0.0,62.36130721806218,0,14,0
1790248693884,L1,49.64173960890049,5.076821891060256,0.0,50.88657590961438,2,13,0
1790248694884,L1,65.64643655814007,3.7170077758114304,0.0,51.97315707405596,3,9,0
1790248695884,L1,23.802548959102555,5.99626681944714,0.0,43.8234810456565,1,13,0
1790248696884,L1,58.21902504375224,4.506243416838688,0.0,46.8392714397295,1,10,0
1790248697884,L1,50.870470682381715,3.443418101340249,0.0,56.15771149771142,4,10,0
1790248698884,L1,47.00992649534132,4.571884839034087,0.0,62.038844371688164,1,17,0
1790248699884,L1,50.91760776535502,6.50075979063431,0.0,48.60553724319001,2,8,0
1790248700884,L1,30.124310853991073,5.850221742113493,0.0,45.498107351485885,0,14,0
1790248701884,L1,47.80328112162488,4.6513478655921405,0.0,50.005279588565976,4,12,0
1790248702884,L1,53.57112571511746,4.650742295681571,0.0,56.01206748929115,3,7,0
1790248703884,L1,64.77894044741517,4.678364948782617,0.0,35.56145183866458,2,4,0
1790248704884,L1,44.81729781726352,7.076747983560841,0.0,27.03819046862762,2,10,0
1790248705884,L1,41.91506397106812,5.381935452231553,0.0,44.494631505084165,3,13,0
1790248706884,L1,44.982429564154636,5.43004164719107,0.0,37.79287574085841,3,7,0
1790248707884,L1,59.15402117702074,6.030283454031842,0.0,44.91859802352689,1,14,0
1790248708884,L1,53.287511096596845,5.238789159026513,0.0,48.52219681182528,3,9,0
1790248709884,L1,44.70239796232961,4.740957854179297,0.0,45.467515909769865,3,6,0
1790248710884,L1,55.13267433113356,4.803650150915022,0.0,64.52467534470745,0,17,0
1790248711884,L1,50.9707754934804,4.928398740585936,0.0,53.2674476460232,4,7,0
1790248712884,L1,59.68644990532889,4.962777763490158,0.0,53.004743596108284,4,16,0
1790248713884,L1,42.979469061226474,5.72762954363698,0.0,56.22207144043402,2,8,0
1790248714884,L1,46.723378534022316,5.051945885807299,0.0,38.61166882219231,2,2,0
1790248715884,L1,46.078918468678424,5.73264007721558,0.0,60.391117874202685,2,8,0
1790248716884,L1,35.364850518678814,4.919283419891418,0.0,49.2423571346454,0,10,0
1790248717884,L1,52.96120277064576,5.07863519031609,0.0,56.70480617241213,2,7,0
1790248718884,L1,52.610552721798896,3.0017993154678924,0.0,39.28142766959844,2,8,0
1790248719884,L1,50.05113456642461,5.916327674702481,0.0,34.462412339839354,3,10,0
1790248720884,L1,47.654128666248525,5.346488475897993,0.0,58.17889658025029,0,7,0
1790248721884,L1,35.84629257949586,5.998010109859652,0.0,53.76409526097517,1,9,0
1790248722884,L1,45.79354677234641,2.1037446218063107,0.0,40.9794844564249,3,10,0
1790248723884,L1,46.572854834732304,7.088374704780728,0.0,41.303369187253054,3,11,0
1790248724884,L1,41.977227307783814,4.860410371844826,0.0,61.254347844147695,4,9,0
1790248725884,L1,48.387142883339905,6.108182816737516,0.0,38.10588107132672,0,12,0
1790248726884,L1,54.040508568145384,3.960094072874469,0.0,66.42672953255963,3,11,0
1790248727884,L1,68.8618590121053,5.61277390506257,0.0,40.99379265352131,1,9,0
1790248728884,L1,51.74577812831839,3.9465844368263436,0.0,56.38391925608383,2,8,0
1790248729884,L1,52.57550390722764,4.376231039304195,0.0,46.71381524251015,5,10,0
1790248730884,L1,49.25554084233833,6.914031353866786,0.0,56.03187431082343,0,13,0
1790248731884,L1,30.812287847009586,4.809317599236653,0.0,44.558859978858074,1,11,0
1790248732884,L1,49.73486124550783,5.217432873179723,0.0,48.37207093927706,3,16,0
1790248733884,L1,50.60230209941027,5.870067730688754,0.0,50.40919175395721,3,12,0
1790248734884,L1,74.63242112485287,5.495681887972604,0.0,39.978125442185274,1,7,0
1790248735884,L1,48.076390352188774,5.150418905143576,0.0,57.408243454201255,0,14,0
1790248736884,L1,53.015473423336125,5.3649610024662255,0.0,44.867864335284146,3,16,0
1790248737884,L1,49.65288230294757,7.403415585238275,0.0,47.714000846599816,3,10,0
1790248738884,L1,38.31321962380468,4.9423812029664145,0.0,40.056506253914876,0,13,0
1790248739884,L1,61.42822814515021,5.201099046714967,0.0,24.376663412046895,2,16,0
1790248740884,L1,57.51933032686774,6.050654396007612,0.0,48.08972237399831,0,6,0
1790248741884,L1,57.910319470430466,6.105525932957984,0.0,74.12615421612915,4,6,0
1790248742884,L1,40.90612545205261,6.187030305560381,0.0,57.846042878980235,0,9,0
1790248743884,L1,64.02794310936099,5.638730222029185,0.0,49.80739620265605,2,11,0
1790248744884,L1,35.98148937207719,3.8569950872695165,0.0,47.37109170791732,1,10,0
1790248745884,L1,55.868570938002705,6.6334315323010955,0.0,50.22465892812046,0,11,0
1790248746884,L1,71.90455625809979,3.853654606981312,0.0,55.4711911517521,1,10,0
1790248747884,L1,40.09463674869312,5.3026354652390335,0.0,38.19187184691155,2,8,0
1790248748884,L1,44.33702270397228,4.245724149980642,0.0,61.143216946688725,5,9,0
1790248749884,L1,50.99651365087641,4.935861653407008,0.0,57.15381315441244,1,11,0
1790248750884,L1,44.96524345883801,5.328762410303481,0.0,57.18185725707934,3,11,0
1790248751884,L1,34.493365689338674,5.3213572154502735,0.0,54.38475738809727,1,8,0
1790248752884,L1,50.68562974806027,5.421920754235285,0.0,50.1961665769399,5,12,0
1790248753884,L1,39.37696286273895,6.613711269058647,0.0,56.7286123596682,2,9,0
1790248754884,L1,54.73592430635182,5.453534301513979,0.0,55.91814133741378,0,14,0
1790248755884,L1,40.805757657661964,4.755843364709351,0.0,46.45959289058976,1,8,0
1790248756884,L1,65.4993440501754,5.964087168288358,0.0,44.26398227103099,2,14,0
1790248757884,L1,42.16746707663763,6.18947048892464,0.0,51.01856295261987,0,9,0
1790248758884,L1,46.77938483794325,3.7723921848630075,0.0,65.49020151495188,1,13,0
1790248759884,L1,58.135172173696695,5.597400069849858,0.0,37.60892924346099,3,12,0
1790248760884,L1,37.69135683566045,5.701172742310899,0.0,35.3247473424756,0,15,0
1790248761884,L1,52.27459934604129,4.702436496640008,0.0,51.647608412365166,0,10,0
1790248762884,L1,63.07142754282428,6.37570681331162,0.0,50.50887701856018,2,9,0
1790248763884,L1,33.92516765438772,4.8499444129674725,0.0,51.73341664370408,2,4,0
1790248764884,L1,51.84633858532304,5.125576453471543,0.0,52.439531979085004,2,8,0
1790248765884,L1,52.598827942484235,4.82692817571613,0.0,47.76797745365195,4,12,0
1790248766884,L1,57.8182287177731,10.0,0.0,64.89863438602082,10,10,1
1790248767884,L1,37.63049289121918,20.0,5.0,33.99096021523484,30,14,1
1790248768884,L1,36.795433869157236,50.0,20.0,41.71502975219754,60,12,1
1790248769884,L1,55.21941565616898,80.0,50.0,48.96745239850953,90,17,1
1790248770884,L1,52.96984673233186,99.0,100.0,33.56811188845833,100,13,1
1790248771884,L1,52.504928503458764,4.008607650543693,0.0,48.241455955679285,3,16,0
1790248772884,L1,53.46448209496976,2.846609886396285,0.0,66.61470165728018,2,13,0
1790248773884,L1,43.19975278421509,4.361038252310498,0.0,50.20886488295962,3,9,0
1790248774884,L1,52.322536971610035,3.6769102065925017,0.0,52.30700905718683,2,13,0
1790248775884,L1,52.93072473298681,6.642015160136369,0.0,37.398352348274194,3,8,0
1790248776884,L1,42.85648581973632,6.009817089342635,0.0,43.83638591960523,1,10,0
1790248777884,L1,68.65774511144757,4.311849654822276,0.0,46.24803619676063,3,8,0
1790248778884,L1,54.73832920911788,7.252435805344309,0.0,46.82284903243766,2,12,0
1790248779884,L1,38.08696502797351,5.981765486991594,0.0,62.81643795003769,4,11,0
1790248780884,L1,56.5655360863383,4.675168616491377,0.0,55.57691060725124,3,12,0
1790248781884,L1,40.253183297726785,2.5005942851264273,0.0,38.88542043062968,1,14,0
1790248782884,L1,57.87084603742452,7.290942572590741,0.0,52.46504778432005,1,8,0
1790248783884,L1,61.58595579007404,3.610427533236404,0.0,54.982217484967855,2,10,0
1790248784884,L1,41.7931768164829,3.354601253043108,0.0,61.40149038521267,4,9,0
1790248785884,L1,59.63376129244322,6.0225704320096405,0.0,65.80540686568374,2,5,0
1790248786884,L1,54.12780926936498,7.439752406339273,0.0,39.84905808172131,3,7,0
1790248787884,L1,58.2206015999449,6.384272818510518,0.0,41.89142488789662,1,7,0
1790248788884,L1,68.96792982653947,5.56390912005236,0.0,37.42422141085384,2,11,0
1790248789884,L1,47.54611883997129,5.594754341665286,0.0,47.659801408930186,4,10,0
1790248790884,L1,42.4626383564251,5.853415558780307,0.0,54.663583744463345,4,11,0
1790248791884,L1,41.10485570374477,5.758928589786765,0.0,59.87334516589102,1,10,0
1790248792884,L1,41.841897150345616,5.281191423969376,0.0,49.24048976357477,3,13,0
1790248793884,L1,49.228982905858956,5.104201103951876,0.0,46.80152476745156,0,6,0
1790248794884,L1,53.411519748166434,4.937406872100477,0.0,51.51757992248741,2,9,0
1790248795884,L1,52.766907993300194,4.246035411133324,0.0,41.64857098369977,5,10,0
1790248796884,L1,58.27183249036024,4.719324923133226,0.0,70.89538721694774,1,16,0
1790248797884,L1,50.13001891877907,3.3070431858046145,0.0,33.923389728819416,2,7,0
1790248798884,L1,64.53534077157317,4.90166037320525,0.0,51.847405788957246,2,9,0
1790248799884,L1,47.35343166762044,4.011408892849082,0.0,70.23606219229639,0,10,0
1790248800884,L1,77.20169166589619,3.8964106827842286,0.0,50.067998445599976,3,8,0
1790248801884,L1,56.25667347765006,5.179894151153478,0.0,48.099609649985055,1,6,0
1790248802884,L1,41.42842443583717,6.392002286344599,0.0,46.42554577189573,4,11,0
1790248803884,L1,39.29107501938888,5.918316606002313,0.0,48.19608318237592,5,17,0
1790248804884,L1,54.824724152431855,3.4294993963768228,0.0,63.728484746765304,3,6,0
1790248805884,L1,47.76537214674149,4.010371863429662,0.0,27.88138088670493,2,14,0
1790248806884,L1,57.14000494092092,5.940771187988216,0.0,65.33433701296326,0,17,0
1790248807884,L1,54.73237624573545,4.017512606461691,0.0,35.76042847549855,3,8,0
1790248808884,L1,49.271710873431275,4.775366850002976,0.0,47.333476707655855,1,12,0
1790248809884,L1,41.532062819315954,5.550052099024552,0.0,45.707555797013384,1,6,0
1790248810884,L1,34.851527753141355,4.031655545136365,0.0,55.8855326977072,1,8,0
1790248811884,L1,45.53485047932979,5.10537550614596,0.0,34.01875648116253,1,8,0
1790248812884,L1,58.56398794323472,3.6659745050817953,0.0,54.62172666081943,2,8,0
1790248813884,L1,52.14093744130204,4.398632356048786,0.0,70.24309623286852,2,3,0
1790248814884,L1,37.54261221288012,5.319781934142537,0.0,36.368259954071895,1,12,0
1790248815884,L1,51.73180925851182,3.407006266468331,0.0,51.89706167610396,0,7,0
1790248816884,L1,53.85317379728837,5.440474737960399,0.0,43.38017822203391,5,12,0
1790248817884,L1,41.16142563798867,4.980362201073318,0.0,54.258872061930354,0,13,0
1790248818884,L1,51.53725105945528,5.5524899544171475,0.0,50.19147777415752,0,7,0
1790248819884,L1,50.58208718446,5.223914134064661,0.0,43.5851309095569,1,10,0
1790248820884,L1,38.57029702169377,6.364140429973844,0.0,54.87872284871074,1,11,0
1790248821884,L1,53.577873603482836,5.1252245026479075,0.0,68.04348109786743,3,9,0
1790248822884,L1,55.60784526368234,4.570594458874747,0.0,48.09096208272701,1,8,0
1790248823884,L1,60.83051243175277,5.122297503032284,0.0,57.19757942148182,0,13,0
1790248824884,L1,60.53802052034903,5.5432980290363885,0.0,37.06727042128836,1,11,0
1790248825884,L1,36.22330632042909,5.048860070325705,0.0,40.43563623181991,4,6,0
1790248826884,L1,40.62174960084877,5.040591691203883,0.0,54.72406277880378,2,7,0
1790248827884,L1,55.1503526720866,4.298008312193245,0.0,64.84116028535965,0,10,0
1790248828884,L1,55.13785950912209,4.337099082449051,0.0,53.5561334878566,3,12,0
1790248829884,L1,55.150476863060476,3.5973947282003067,0.0,46.86941969476845,1,5,0
1790248830884,L1,88.5273149065472,6.749576743186939,0.0,49.99291405423354,1,6,0
1790248831884,L1,55.70890510693167,3.7561367646087147,0.0,37.495922660302824,0,9,0
1790248832884,L1,61.35565640180599,4.307094802204093,0.0,56.045153263553665,3,6,0
1790248833884,L1,59.54001763493202,4.281592734430802,0.0,58.82333062323409,1,8,0
1790248834884,L1,56.51391251305798,5.8949243769444415,0.0,45.4790966716692,0,14,0
1790248835884,L1,46.84730755359654,4.705050321707972,0.0,45.299578522404985,2,13,0
1790248836884,L1,57.589692204932675,6.247742072673734,0.0,52.658782296520485,3,8,0
1790248837884,L1,42.27174785462428,4.326509375756132,0.0,45.63280263959405,1,7,0
1790248838884,L1,47.63181393259991,5.278994162223802,0.0,49.338673853741774,5,10,0
1790248839884,L1,45.14636452170897,4.164652946740243,0.0,70.99721789166516,3,4,0
1790248840884,L1,50.81874139386323,7.145149127773388,0.0,47.52974299254004,3,7,0
1790248841884,L1,73.14658566673509,3.812401580970487,0.0,46.41659847978778,4,7,0
1790248842884,L1,31.32734807408252,5.309820710227028,0.0,43.52458194364841,1,16,0
1790248843884,L1,56.86260190374514,5.633776880932098,0.0,57.441919714999365,2,8,0
1790248844884,L1,33.87284128810348,5.4137990974514985,0.0,48.18775826781897,2,3,0
1790248845884,L1,45.280681342105666,4.814712341122291,0.0,43.50626961678574,2,11,0
1790248846884,L1,60.889505969673664,4.870179300266574,0.0,63.21304032273012,2,16,0
1790248847884,L1,50.64280019095463,5.04381147197911,0.0,64.19603004513637,3,12,0
1790248848884,L1,39.22255222070694,4.852997998371511,0.0,43.99576434261295,3,10,0
1790248849884,L1,42.84696290740032,5.96387911679491,0.0,31.33460048639384,2,9,0
1790248850884,L1,56.79597748934676,7.210523001591351,0.0,60.07513689836922,3,8,0
1790248851884,L1,42.69633368282863,4.442508214992166,0.0,43.15370174239996,1,10,0
1790248852884,L1,52.16458589581975,3.6301970204209217,0.0,57.90625599162769,3,7,0
1790248853884,L1,50.45571839903814,4.911717951648745,0.0,30.298961822881644,5,12,0
1790248854884,L1,43.48399652394183,7.579709337654318,0.0,58.92597338299309,0,10,0
1790248855884,L1,71.43944089325326,4.196325432030269,0.0,37.88828070719219,1,10,0
1790248856884,L1,56.33919022318011,6.6391168054440675,0.0,57.307641190665244,2,10,0
1790248857884,L1,29.74857413342393,6.677700814076441,0.0,50.142730678364344,0,7,0
1790248858884,L1,51.86454314769428,4.4464117582920055,0.0,40.46060580603355,2,12,0
1790248859884,L1,43.38213535231612,5.5689830791852755,0.0,45.929636870732196,0,5,0
1790248860884,L1,58.52433334796224,6.628396623128538,0.0,56.86318456956701,2,6,0
1790248861884,L1,42.07479261567299,4.620872259012513,0.0,51.05894453115234,1,10,0
1790248862884,L1,48.85263558533101,4.796419639897638,0.0,55.844129804724844,3,11,0
1790248863884,L1,55.049872789804574,4.418319086051357,0.0,69.76440584515485,2,9,0
1790248864884,L1,58.657551941701215,3.985243269307133,0.0,34.357583882889486,5,12,0
1790248865884,L1,37.99703592944224,4.350722454933993,0.0,66.17212574968624,3,8,0
1790248866884,L1,46.654987641590516,10.0,0.0,51.04355937523213,10,11,1
1790248867884,L1,45.25054688839044,20.0,5.0,41.01215951676872,30,13,1
1790248868884,L1,43.46670767426288,50.0,20.0,36.696863742610105,60,8,1
1790248869884,L1,67.65454240281097,80.0,50.0,48.10879609222967,90,12,1
1790248870884,L1,54.049817109609556,99.0,100.0,59.21650111924459,100,11,1
1790248871884,L1,37.39116045664955,5.330880232214457,0.0,48.724508796224654,1,9,0
1790248872884,L1,59.17861947054776,5.833528961608924,0.0,65.11154930247348,1,6,0
1790248873884,L1,71.22156197012633,3.0062643574285444,0.0,35.488243099484414,2,9,0
1790248874884,L1,60.32465260551147,5.374056569847572,0.0,49.87911052153945,4,10,0
1790248875884,L1,34.80630034045986,6.227668992473292,0.0,37.47606555586881,2,8,0
1790248876884,L1,45.15765927133749,3.7903589813087946,0.0,53.63631882624968,6,5,0
1790248877884,L1,62.669111491866225,6.672572386837704,0.0,58.868873900973,1,7,0
1790248878884,L1,42.923305343812196,5.419019009366045,0.0,45.792382063189464,2,9,0
1790248879884,L1,54.43819428146229,4.294988144241591,0.0,23.95786143372866,1,10,0
1790248880884,L1,57.74634053429337,4.944230922342294,0.0,51.98948146796494,3,5,0
1790248881884,L1,40.73069528421917,5.558326912521722,0.0,54.367385517335094,3,12,0
1790248882884,L1,49.404746439382,5.076005391412411,0.0,54.042947549616976,2,8,0
1790248883884,L1,17.587326599309275,5.538755992446369,0.0,62.35782191822154,4,7,0
1790248884884,L1,39.756123586657104,4.079326406920634,0.0,39.28946320350951,2,7,0
1790248885884,L1,47.4743184860684,5.169360824036078,0.0,56.802161054504495,3,8,0
1790248886884,L1,37.52216818035151,3.58628550309502,0.0,61.92507512477975,2,11,0
1790248887884,L1,66.32411303931636,4.888773938651299,0.0,32.21412415993483,2,6,0
1790248888884,L1,35.69858622039367,4.09609235853521,0.0,53.19651825918977,1,8,0
1790248889884,L1,45.599555133030165,4.264470057410233,0.0,44.958201689923285,3,10,0
1790248890884,L1,51.30740577286091,6.236093175210438,0.0,49.18477326898354,3,11,0
1790248891884,L1,64.41273289066116,6.091310120594269,0.0,53.476764835383364,2,10,0
1790248892884,L1,35.6413784882056,5.609138120907177,0.0,45.12771435886448,0,8,0
1790248893884,L1,61.63163752154959,3.907687235327421,0.0,43.24291920838388,1,11,0
1790248894884,L1,50.10233061019587,4.683591550305198,0.0,50.34152417488025,1,7,0
1790248895884,L1,40.18491348952049,6.213097699979183,0.0,39.12754061137198,5,10,0
1790248896884,L1,54.62103474263271,5.141716913639905,0.0,39.141748711148146,1,15,0
1790248897884,L1,51.9905969557347,7.319329539981695,0.0,56.79373282956503,3,9,0
1790248898884,L1,43.99783122841205,5.3933178393943715,0.0,38.51205964841344,2,11,0
1790248899884,L1,50.69802084990019,5.192049116490032,0.0,56.66312500909212,3,13,0
1790248900884,L1,46.1468640313824,4.690883535797498,0.0,54.62591292853951,4,14,0
1790248901884,L1,51.13517345251248,5.133540904782282,0.0,32.741932712094034,3,9,0
1790248902884,L1,56.62130674521046,4.8475301636194565,0.0,43.22435347664345,3,12,0
1790248903884,L1,65.86016816145352,5.708108676688591,0.0,61.94109403047372,2,14,0
1790248904884,L1,37.62184501173151,5.956702316794584,0.0,40.18834468860318,3,8,0
1790248905884,L1,71.33033374656267,4.21401053949205,0.0,45.355957376906126,2,9,0
1790248906884,L1,30.479122004774982,3.668767046442222,0.0,54.62060893251896,2,9,0
1790248907884,L1,48.482149049644164,3.1637946268967037,0.0,57.83390509282596,5,11,0
1790248908884,L1,55.88317206484576,5.507991326912544,0.0,47.48461113955504,4,5,0
1790248909884,L1,52.809918677350325,3.8966333938261264,0.0,44.02489805308358,1,8,0
1790248910884,L1,43.77300480179406,2.847109407047517,0.0,64.22369861698508,2,14,0
1790248911884,L1,47.918777496427246,5.388578604530964,0.0,67.3889966379758,3,7,0
1790248912884,L1,45.06999065341167,7.492999517432791,0.0,59.788580507817954,2,10,0
1790248913884,L1,44.106352430557884,4.993929088460106,0.0,50.85318142565024,2,6,0
1790248914884,L1,58.49602097021025,5.838490774451642,0.0,41.91734278359073,0,9,0
1790248915884,L1,53.57015485965047,5.081829358547565,0.0,41.695555934434346,3,11,0
1790248916884,L1,43.070904047393455,4.901110346808857,0.0,55.22514105265758,2,8,0
1790248917884,L1,58.995998754332504,5.9190764829877685,0.0,54.18398220888684,3,13,0
1790248918884,L1,53.072995208766095,4.709725455811348,0.0,64.01598592946429,2,9,0
1790248919884,L1,58.1286211883896,5.267392314071903,0.0,56.50450092536139,3,11,0
1790248920884,L1,56.29628841923612,5.321697806196013,0.0,34.96919698240182,2,9,0
1790248921884,L1,41.710049890779274,4.331909546356951,0.0,60.51947617722919,2,11,0
1790248922884,L1,44.39818959803031,5.992042349536523,0.0,40.019393726855874,2,11,0
1790248923884,L1,57.472936051232615,4.825040243304591,0.0,46.16028728047648,3,5,0
1790248924884,L1,56.10370265433465,4.244254840507155,0.0,52.502002062516944,2,7,0
1790248925884,L1,49.79098406035852,5.536509843570403,0.0,69.95667489783965,1,13,0
1790248926884,L1,51.17327383308782,4.101532018208963,0.0,81.09918556005361,1,9,0
1790248927884,L1,62.77664895788425,5.028181157369128,0.0,56.06723059136183,3,7,0
1790248928884,L1,44.0842861116417,4.990881003355796,0.0,48.16803381279612,0,6,0
1790248929884,L1,55.470973811700375,6.085895565831578,0.0,55.345056484805504,0,13,0
1790248930884,L1,47.97807347566106,5.474698232879953,0.0,58.87655425873836,3,17,0
1790248931884,L1,47.8231879677278,4.974973041254856,0.0,46.793323744428086,2,12,0
1790248932884,L1,60.987768519871906,5.817766299200287,0.0,67.95211355912322,2,11,0
1790248933884,L1,58.2541634898803,6.390207549017314,0.0,52.30070759191402,0,7,0
1790248934884,L1,58.135096360006386,5.557810306351862,0.0,54.97743089091394,2,10,0
1790248935884,L1,63.05478807154329,5.01035261984338,0.0,56.659242520544616,1,12,0
1790248936884,L1,50.21003841632759,3.6881637676498404,0.0,54.21586610614456,2,10,0
1790248937884,L1,56.81952971294964,3.9348863369246274,0.0,58.38940500469612,3,15,0
1790248938884,L1,46.89733243406544,4.694775295645332,0.0,43.82746813453077,1,13,0
1790248939884,L1,53.24166352488442,4.390487797840716,0.0,44.41698246053969,5,9,0
1790248940884,L1,48.698569456323156,4.813028697014554,0.0,38.99845767028305,1,6,0
1790248941884,L1,50.96995964992718,5.0566499248971075,0.0,54.39501230620226,2,11,0
1790248942884,L1,55.95157025436914,5.529692754356731,0.0,57.78936503512114,2,15,0
1790248943884,L1,41.81779316766527,4.9295012219409085,0.0,54.577728661518854,1,12,0
1790248944884,L1,70.9238727568546,5.486501643826202,0.0,66.74492433347537,3,10,0
1790248945884,L1,39.93982618500298,5.06447441481012,0.0,49.94403981170954,1,9,0
1790248946884,L1,37.85811387212268,3.0245334336461287,0.0,56.687416555925125,1,10,0
1790248947884,L1,61.581108735000676,4.060664606181246,0.0,39.08299123860686,1,7,0
1790248948884,L1,57.91662693962936,4.855912444278385,0.0,46.12900297525599,1,7,0
1790248949884,L1,56.24119817052155,3.7903052571588924,0.0,56.95537757565778,4,12,0
1790248950884,L1,56.2834550926428,5.599928729996204,0.0,58.49102110743144,0,8,0
1790248951884,L1,49.87753227153085,6.530750832343697,0.0,47.060330523358175,1,7,0
1790248952884,L1,41.02745628514168,6.218761851697317,0.0,49.28400748141933,1,8,0
1790248953884,L1,50.75804558193726,4.786557129069792,0.0,34.821262533191906,1,8,0
1790248954884,L1,43.22838288487888,6.490726136849952,0.0,46.42970799193391,1,15,0
1790248955884,L1,59.75119733417751,5.148667457202111,0.0,58.90383163519786,1,7,0
1790248956884,L1,48.52942618497861,4.662914028881961,0.0,55.75205016106566,0,8,0
1790248957884,L1,41.745028032074885,4.38659733645906,0.0,55.0066572138121,3,19,0
1790248958884,L1,46.78614158347006,4.697530313511872,0.0,50.4977368718096,0,14,0
1790248959884,L1,54.12931454275625,4.611823181458771,0.0,50.07063158628176,3,6,0
1790248960884,L1,44.36275447196025,5.170416222375488,0.0,43.39678860526553,1,10,0
1790248961884,L1,41.77779604433569,5.160573981049865,0.0,56.98828420202535,6,15,0
1790248962884,L1,52.436872114919126,5.003046020153414,0.0,54.2097294438939,1,10,0
1790248963884,L1,52.44966571108723,5.43693816974635,0.0,54.920188479927994,2,12,0
1790248964884,L1,44.9305682462887,6.190646274786341,0.0,44.739651573324196,1,8,0
1790248965884,L1,45.289616943816775,5.949554135441324,0.0,28.466570801287556,1,3,0
1790248966884,L1,52.32049937357636,10.0,0.0,60.97152711753696,10,9,1
1790248967884,L1,35.51915658502676,20.0,5.0,45.211625439915956,30,9,1
1790248968884,L1,35.92536225623445,50.0,20.0,41.372242359568794,60,6,1
1790248969884,L1,42.81555778747564,80.0,50.0,56.934789119139936,90,10,1
1790248970884,L1,47.86552848288153,99.0,100.0,46.0798736008087,100,8,1
1790248971884,L1,53.10907565598004,3.8298869739406403,0.0,60.59936384046622,1,4,0
1790248972884,L1,64.75356216949552,3.1980195624199803,0.0,56.17005949576698,1,12,0
1790248973884,L1,58.576596232020194,5.541462728204788,0.0,56.83569323200478,1,10,0
1790248974884,L1,48.40061470036573,5.7591551603026465,0.0,36.340442887994655,3,13,0
1790248975884,L1,49.80983792097311,4.423489599273281,0.0,62.119439853864,1,9,0
1790248976884,L1,39.97470635362191,2.40895770785509,0.0,52.61250531233856,2,11,0
1790248977884,L1,49.8148686400761,4.453755551747517,0.0,46.307228607537965,3,14,0
1790248978884,L1,47.113413610798624,5.3918040054025465,0.0,51.43388467342251,1,13,0
1790248979884,L1,53.227185603380896,3.5210884312258717,0.0,32.2376476710168,2,14,0
1790248980884,L1,41.727690564476774,5.183359919779155,0.0,54.08652811480671,3,10,0
1790248981884,L1,55.193465142411725,4.984690150827005,0.0,39.706284918179286,1,4,0
1790248982884,L1,65.32738913002578,5.579291499601088,0.0,36.47329714156466,2,16,0
1790248983884,L1,48.91239851543143,5.119580368414153,0.0,34.776408137821086,3,11,0
1790248984884,L1,54.01711722098941,4.026931059118445,0.0,61.12688374989925,2,5,0
1790248985884,L1,56.90143991711113,6.196571501664492,0.0,43.707366063072115,0,12,0
1790248986884,L1,45.987795281141636,4.84147042697303,0.0,65.337277099165,3,8,0
1790248987884,L1,52.24092481810417,4.972695460490068,0.0,44.64198536947702,2,7,0
1790248988884,L1,50.12592400781795,4.066732040926804,0.0,32.926420424070535,2,16,0
1790248989884,L1,50.97676098548832,4.55671774880849,0.0,38.83475560051341,0,9,0
1790248990884,L1,42.26990216144534,4.115197285973099,0.0,62.35811620006939,1,8,0
1790248991884,L1,50.245101742589426,4.827053940076577,0.0,48.441018220633325,0,11,0
1790248992884,L1,54.979982912454496,6.7117084801423434,0.0,44.51712703509399,1,3,0
1790248993884,L1,64.51143607795042,3.6280988570686437,0.0,51.60018225852788,1,10,0
1790248994884,L1,59.59270826085207,3.386438602123259,0.0,55.01782736167545,2,10,0
1790248995884,L1,71.53182457511556,6.471170327493608,0.0,61.1739881590246,3,7,0
1790248996884,L1,42.326524371119504,4.7906763228481335,0.0,64.48499229892926,3,15,0
1790248997884,L1,58.723206367206785,4.330927261340084,0.0,46.40231354210914,2,5,0
1790248998884,L1,51.83342005738352,6.039904687396076,0.0,36.73952313917962,2,16,0
1790248999884,L1,71.89802933217672,4.394384460263136,0.0,45.86534838876724,4,10,0
1790249000884,L1,41.91701714644849,6.826009713546936,0.0,52.60280506582886,1,5,0
1790249001884,L1,41.60278157819224,5.677925871339269,0.0,40.36241073789389,3,15,0
1790249002884,L1,44.00607354555978,4.5120885918542974,0.0,40.428490851049574,3,12,0
1790249003884,L1,28.76104275690193,7.1573082132655035,0.0,53.437878815498856,4,11,0
1790249004884,L1,44.74244978319239,4.3942850769966615,0.0,49.51347648429549,2,12,0
1790249005884,L1,42.40867338446302,5.742095372009307,0.0,50.327969954115865,4,10,0
1790249006884,L1,51.50393786476208,5.299292580406492,0.0,42.41504665299931,3,8,0
1790249007884,L1,53.41755975777159,6.301741289398798,0.0,47.69599285794233,2,6,0
1790249008884,L1,68.76170839215887,6.561511196726853,0.0,40.757668557316954,3,6,0
1790249009884,L1,59.5042383818605,5.0320041490657665,0.0,58.90198411124787,2,7,0
1790249010884,L1,44.23096344337597,4.246582129653817,0.0,60.35249334723753,2,8,0
1790249011884,L1,41.01585328651642,5.459972142939116,0.0,31.538121377619063,4,15,0
1790249012884,L1,54.919191715065054,4.322284630247894,0.0,40.7048913980759,4,11,0
1790249013884,L1,36.797667929793576,7.013387247526623,0.0,35.03470744909921,1,9,0
1790249014884,L1,68.31458765854353,5.1365353310827375,0.0,43.49976065593102,1,12,0
1790249015884,L1,61.79440120721287,4.634678448687891,0.0,49.16562030209639,0,8,0
1790249016884,L1,45.30824347895295,5.184680305864909,0.0,35.5035478030147,3,10,0
1790249017884,L1,32.86865470909122,3.6528737104703035,0.0,40.78140186874687,1,7,0
1790249018884,L1,63.53872374165413,4.028385961489349,0.0,39.960426279185015,6,8,0
1790249019884,L1,48.85460154747382,6.200413907944426,0.0,52.07267329398944,1,8,0
1790249020884,L1,62.378163119734616,4.343105721028604,0.0,50.6934433703625,1,15,0
1790249021884,L1,34.05572341205633,3.95308901731806,0.0,42.78262446662747,3,10,0
1790249022884,L1,44.00624977046227,5.536652752527286,0.0,51.76820872139398,3,14,0
1790249023884,L1,50.05243699718183,6.1857041546629965,0.0,44.533199154127345,0,17,0
1790249024884,L1,50.46980593764742,5.718953310665067,0.0,47.283448896739465,2,10,0
1790249025884,L1,45.49934528520756,5.9960476858058165,0.0,66.73452090298537,1,9,0
1790249026884,L1,56.228499323474985,4.2432049114305395,0.0,63.40461051790348,3,12,0
1790249027884,L1,39.32379570617405,3.5781893332581562,0.0,37.004187630724026,1,16,0
1790249028884,L1,48.576205149787064,6.501333651955487,0.0,58.29732417879175,3,7,0
1790249029884,L1,51.20295631711899,4.677320161157864,0.0,58.11396554491592,5,2,0
1790249030884,L1,55.14438834058749,4.749166983544953,0.0,38.51736711247382,0,5,0
1790249031884,L1,57.11614878088889,6.328194141849058,0.0,58.18777643754861,1,7,0
1790249032884,L1,38.75357908162131,5.55623000940066,0.0,65.37931918412554,2,7,0
1790249033884,L1,34.65885829264378,5.455887772081607,0.0,38.77455193755586,1,5,0
1790249034884,L1,62.77676821898509,7.165002344901084,0.0,40.824971789857365,5,7,0
1790249035884,L1,53.323140119795916,4.356481769619857,0.0,60.17661466843502,1,15,0
1790249036884,L1,42.51513463443446,5.927840128081237,0.0,52.71495310825648,3,8,0
1790249037884,L1,65.51151975522522,5.057013124897084,0.0,55.514762752395235,2,9,0
1790249038884,L1,51.156746342928585,5.268592278863258,0.0,53.40589216400497,2,9,0
1790249039884,L1,61.792971840638266,6.528468426412532,0.0,53.90695920928144,0,16,0
1790249040884,L1,50.67518481410109,5.507835756289624,0.0,36.73527871688917,2,11,0
1790249041884,L1,70.60747924881987,5.538296079049633,0.0,60.47317706621448,2,7,0
1790249042884,L1,67.55340842443205,6.072507337309802,0.0,61.69589992427773,4,6,0
1790249043884,L1,47.51035851520926,4.635047270457115,0.0,47.70609255931972,0,11,0
1790249044884,L1,59.71570950954355,4.160790332660993,0.0,49.56523050186138,3,9,0
1790249045884,L1,56.45375949585148,3.955190805978966,0.0,34.68892497444278,3,11,0
1790249046884,L1,63.68631557532348,3.0336434106239984,0.0,55.14254756017835,3,4,0
1790249047884,L1,40.35076539419896,7.056207129940322,0.0,55.72057441714144,2,13,0
1790249048884,L1,56.86051459998439,3.896791634278317,0.0,49.37808983000689,0,14,0
1790249049884,L1,60.58424486849588,4.778746376414228,0.0,61.24353359870503,2,5,0
1790249050884,L1,32.41260513576886,4.723186700111079,0.0,46.659227690200595,2,8,0
1790249051884,L1,38.16741487334225,5.307406697809101,0.0,55.646059258936006,1,13,0
1790249052884,L1,29.607678222398995,5.815737212539297,0.0,39.80335661307885,0,10,0
1790249053884,L1,47.305931655554424,5.860473488359745,0.0,49.76447849125762,0,9,0
1790249054884,L1,57.17542255795962,4.416922561431061,0.0,48.25645742097164,1,6,0
1790249055884,L1,65.02357052096028,4.832878286213589,0.0,52.25307922040941,0,3,0
1790249056884,L1,50.74094780419775,5.2825799504883,0.0,46.304730711666416,2,7,0
1790249057884,L1,66.28615545571292,4.751308873816453,0.0,48.68527404328332,1,9,0
1790249058884,L1,36.198985417851084,6.607345576019993,0.0,58.26047171441506,3,14,0
1790249059884,L1,32.96617560644845,5.490974951638251,0.0,45.63235762761783,1,10,0
1790249060884,L1,49.44452301103381,5.734877786049817,0.0,33.93422899261321,1,11,0
1790249061884,L1,53.840654489393074,5.662881268667412,0.0,67.4958390420542,6,11,0
1790249062884,L1,49.67305251905907,6.173473857485325,0.0,63.814540786904864,3,10,0
1790249063884,L1,29.325578999601234,5.181021558703707,0.0,37.07737304894381,1,7,0
1790249064884,L1,49.10879960487212,3.7031680520441537,0.0,56.897078052451945,1,8,0
1790249065884,L1,36.95530499495147,5.399687951752641,0.0,44.97025229448657,4,6,0
1790249066884,L1,56.69672548830039,10.0,0.0,52.634872153310596,10,13,1
1790249067884,L1,53.665982460968486,20.0,5.0,52.94224129013494,30,10,1
1790249068884,L1,40.60120213672645,50.0,20.0,47.65592199683678,60,12,1
1790249069884,L1,44.861330826633065,80.0,50.0,42.16234334413603,90,11,1
1790249070884,L1,39.40786478111048,99.0,100.0,43.094589476837406,100,8,1
1790249071884,L1,49.37320902726828,5.308833012598964,0.0,40.83808084518758,4,6,0
1790249072884,L1,59.551423205012384,6.702214944635238,0.0,41.681777917695555,2,9,0
1790249073884,L1,40.14273953664456,5.240753179488569,0.0,49.328217099506446,1,14,0
1790249074884,L1,55.040465155178445,7.601683114180394,0.0,42.842400108892484,4,10,0
1790249075884,L1,44.697423816275595,5.565509645631544,0.0,56.820520657126195,2,12,0
1790249076884,L1,42.07127167737656,3.239237240844182,0.0,64.87246155335927,1,5,0
1790249077884,L1,48.929696400454425,5.753341621104532,0.0,44.19946758629957,2,11,0
1790249078884,L1,39.64757677580626,5.381158384882777,0.0,52.39404500535377,2,6,0
1790249079884,L1,44.46350694652818,6.289752754082746,0.0,54.99685110302934,2,16,0
1790249080884,L1,38.021221074111516,5.6731813512699585,0.0,54.72002270919275,1,13,0
1790249081884,L1,69.6472513291639,4.861544016016226,0.0,50.759552679160876,0,13,0
1790249082884,L1,50.35263551971729,3.775701763710634,0.0,57.42682418359722,3,11,0
1790249083884,L1,43.00274492007414,4.7909767427139744,0.0,54.82248952680657,4,8,0
1790249084884,L1,52.13979910734222,4.1494795457907,0.0,37.62337577672702,6,10,0
1790249085884,L1,48.87671950309171,4.419476550195277,0.0,58.69156064389273,4,9,0
1790249086884,L1,47.790304004667775,5.58857840442061,0.0,58.87290837266742,2,9,0
1790249087884,L1,56.14166700043425,6.669904504351406,0.0,42.367138958214184,1,15,0
1790249088884,L1,57.57507710047305,5.394671529822981,0.0,50.37937835447602,4,9,0
1790249089884,L1,44.69498852389472,3.8041169379648156,0.0,56.833289928110695,2,11,0
1790249090884,L1,44.2418175935532,5.44460266822014,0.0,47.906861804206386,3,16,0
1790249091884,L1,47.24948302848356,6.196631486645651,0.0,60.72978047766012,2,17,0
1790249092884,L1,26.98078835264415,4.390217095680618,0.0,73.6387249461936,3,11,0
1790249093884,L1,34.84808937801448,4.865982833327083,0.0,42.140139673650175,0,15,0
1790249094884,L1,63.66874267444524,5.014688194729197,0.0,36.18955396846225,2,6,0
1790249095884,L1,66.44967713501283,4.21510168691776,0.0,53.03818595604876,2,14,0
1790249096884,L1,47.50963960443622,5.648280433843859,0.0,57.21562505126143,2,6,0
1790249097884,L1,55.765569630557664,4.8790518513922185,0.0,47.69133626155231,3,11,0
1790249098884,L1,53.112501545435364,5.419532443907028,0.0,64.53260663321035,2,8,0
1790249099884,L1,80.78880808455237,4.1125078221979,0.0,36.613942002767516,2,9,0
1790249100884,L1,61.195749114345766,4.56254169967659,0.0,56.92918623031611,3,10,0
1790249101884,L1,48.72082408519233,5.722381357827771,0.0,43.94139179241107,5,15,0
1790249102884,L1,40.44459559399574,4.627166847908233,0.0,67.19377906207296,3,12,0
1790249103884,L1,33.93553679742428,6.726963851233405,0.0,69.92515353168119,0,7,0
1790249104884,L1,52.03463635867223,4.600363814385398,0.0,42.33343412216652,2,12,0
1790249105884,L1,42.436492547156966,5.224684725751886,0.0,44.5044286409142,3,9,0
1790249106884,L1,35.77746290402326,5.93259083187309,0.0,58.59587886979802,2,13,0
1790249107884,L1,43.534271157574736,3.5816342670669683,0.0,46.12869350210485,3,11,0
1790249108884,L1,39.18451996385605,3.239191188019224,0.0,49.54588782067762,2,8,0
1790249109884,L1,66.87141635072565,3.474343685429905,0.0,50.2538842054241,0,5,0
1790249110884,L1,58.816397569494505,6.262584103427182,0.0,30.803268438023437,2,7,0
1790249111884,L1,49.92027358683383,4.448141854107553,0.0,49.86162253905763,1,15,0
1790249112884,L1,64.79944138890026,7.558199285668252,0.0,43.10272225935826,2,12,0
1790249113884,L1,50.77368307647618,4.4357524013426115,0.0,45.06877177600228,2,11,0
1790249114884,L1,41.38715798671736,5.184551303197037,0.0,64.43632003468814,4,13,0
1790249115884,L1,65.23124077269657,6.542109952567875,0.0,37.434931057207436,0,12,0
1790249116884,L1,55.38910043684659,7.006092888159123,0.0,58.132051867479774,2,14,0
1790249117884,L1,39.62753845673544,7.061503576636397,0.0,47.21037069668191,0,11,0
1790249118884,L1,48.09661321916392,6.208366230593143,0.0,47.202398315041656,0,10,0
1790249119884,L1,41.24381746615243,6.024062525811463,0.0,57.90371896051711,1,10,0
1790249120884,L1,36.172002690356635,5.592526949201183,0.0,53.4005129456889,2,10,0
1790249121884,L1,59.26177547531641,5.778361076166638,0.0,55.706129972195306,0,13,0
1790249122884,L1,69.0941664047013,4.448814283671466,0.0,59.68184660532861,1,7,0
1790249123884,L1,36.01432426180859,4.1818011165776925,0.0,46.686916168166775,4,13,0
1790249124884,L1,55.62969236690571,4.996625542589048,0.0,43.8776326549225,3,10,0
1790249125884,L1,43.49357430878173,4.829815377475072,0.0,39.148494734422016,4,8,0
1790249126884,L1,45.12874616235304,4.546771950672725,0.0,41.74589470021045,2,7,0
1790249127884,L1,44.07606075761131,5.696387447456716,0.0,79.49094425308725,2,13,0
1790249128884,L1,41.36009230320184,5.955305208570511,0.0,62.44679580736787,2,8,0
1790249129884,L1,50.48521627944827,5.088406886291847,0.0,36.489256337919784,1,9,0
1790249130884,L1,41.69049883588962,6.477530081055262,0.0,36.775420432564296,1,12,0
1790249131884,L1,52.704568257798385,3.858310885866495,0.0,54.81866061718492,1,14,0
1790249132884,L1,49.49761890550863,4.8063405407202815,0.0,55.472647973779665,1,6,0
1790249133884,L1,47.6105195313359,4.283177679397195,0.0,55.48883835317364,3,13,0
1790249134884,L1,40.92436337958402,3.13346338292694,0.0,47.45044206446302,2,8,0
1790249135884,L1,44.23228669431667,4.917319314157301,0.0,48.745457399970995,2,10,0
1790249136884,L1,57.55391225825756,4.878252491616716,0.0,53.27879524159357,2,11,0
1790249137884,L1,55.009171876243805,6.5134497432421306,0.0,50.858930062933304,0,17,0
1790249138884,L1,40.22444755201449,5.630811684554778,0.0,27.80699627252465,1,19,0
1790249139884,L1,50.99332305429226,3.975813175670795,0.0,47.70200369424806,4,10,0
1790249140884,L1,57.51387123371789,6.854092566334188,0.0,41.485935657396865,2,9,0
1790249141884,L1,33.305947188786284,6.221033695525353,0.0,51.75211418908512,4,9,0
1790249142884,L1,55.43360192379935,5.582097703468616,0.0,79.85259002603411,4,12,0
1790249143884,L1,43.37376241054153,4.773515901150168,0.0,53.67481665474305,2,14,0
1790249144884,L1,55.70598668593159,4.04056076327652,0.0,46.86470313827602,1,11,0
1790249145884,L1,42.367408434574834,4.627793223928947,0.0,59.21801501977252,3,9,0
1790249146884,L1,31.95117899335481,6.088748619704186,0.0,54.826878872092124,3,8,0
1790249147884,L1,33.72457562116837,6.884586305934609,0.0,54.200944904518416,1,7,0
1790249148884,L1,50.48084946661382,6.543243528272189,0.0,56.06850593215671,1,12,0
1790249149884,L1,52.59722501721482,4.511150578213726,0.0,70.56543564829542,4,14,0
1790249150884,L1,40.956833748955916,3.880382566710989,0.0,38.69111564674084,1,10,0
1790249151884,L1,56.38592458777374,5.1408862469112035,0.0,54.736320768114545,4,5,0
1790249152884,L1,33.3847993773104,3.231560634437148,0.0,40.73618870018461,0,9,0
1790249153884,L1,49.33920201352684,5.323167714184781,0.0,55.55512646342248,3,9,0
1790249154884,L1,37.889838002375434,4.852397413701332,0.0,40.81313488513906,3,13,0
1790249155884,L1,43.48163892197841,4.533963498131758,0.0,45.82633186394916,3,7,0
1790249156884,L1,50.47398671316414,3.4052969327332043,0.0,47.049100857620935,2,12,0
1790249157884,L1,41.39586634716048,5.513600106569717,0.0,59.75816719344709,1,10,0
1790249158884,L1,46.154444557701744,4.467299160338088,0.0,59.18454443942414,0,9,0
1790249159884,L1,60.0629280921444,3.8300831642897117,0.0,37.542826235536154,2,12,0
1790249160884,L1,44.231081304768516,2.1277377867183507,0.0,50.54934110999849,2,6,0
1790249161884,L1,58.35692112065142,4.972485094949364,0.0,42.904201452508275,2,8,0
1790249162884,L1,38.702931453423815,6.772251596669744,0.0,37.414950893246655,3,8,0
1790249163884,L1,55.298041779152825,6.66125921454787,0.0,47.82982949575629,3,14,0
1790249164884,L1,64.41568620657901,4.542903743413728,0.0,46.915172115441806,1,13,0
1790249165884,L1,25.283554998727105,4.39778793963822,0.0,74.26716486345522,2,19,0
1790249166884,L1,42.03104744529523,10.0,0.0,54.32959825360696,10,12,1
1790249167884,L1,55.7707212718054,20.0,5.0,36.22382499245763,30,10,1
1790249168884,L1,47.96954613957007,50.0,20.0,44.352259958290574,60,6,1
1790249169884,L1,53.71145873371309,80.0,50.0,60.213832954293984,90,11,1
1790249170884,L1,43.960148132841795,99.0,100.0,70.88442772869925,100,17,1
1790249171884,L1,50.865897874729,4.899845923520047,0.0,34.140166877620416,2,8,0
1790249172884,L1,48.44322764607921,4.796326249823034,0.0,31.20075614860955,1,10,0
1790249173884,L1,61.677820616598076,4.122017413243439,0.0,68.70965175371782,1,13,0
1790249174884,L1,52.54420843301213,4.17311964596014,0.0,53.89614177370904,2,12,0
1790249175884,L1,53.37602662075202,4.773521108098473,0.0,41.31707268123633,4,9,0
1790249176884,L1,45.881230338775325,5.367365506816178,0.0,55.346290861224354,0,18,0
1790249177884,L1,45.123937759275066,5.913584626233249,0.0,23.64252260983122,1,9,0
1790249178884,L1,45.67441812180379,4.196821049319655,0.0,50.03375506597161,4,9,0
1790249179884,L1,53.944521423782966,6.4926885689595215,0.0,53.278211728430854,2,9,0
1790249180884,L1,45.79015519179737,4.728876398957431,0.0,59.2427013953783,1,10,0
1790249181884,L1,52.897748568964126,4.978632705651564,0.0,39.861040477074624,1,11,0
1790249182884,L1,70.75400798645438,4.252788320852177,0.0,50.856871614033594,3,7,0
1790249183884,L1,58.711247034316926,2.5757597397270584,0.0,40.74575373940413,1,2,0
1790249184884,L1,46.73976467832159,5.884045396361049,0.0,52.55383755674317,3,8,0
1790249185884,L1,62.01213922163945,5.736843897092434,0.0,41.046536776369756,3,10,0
1790249186884,L1,45.91924626978449,4.718672442881787,0.0,45.918991608397796,2,14,0
1790249187884,L1,29.61875464822146,5.066990717224872,0.0,40.04184605209771,2,8,0
1790249188884,L1,39.91913689082596,5.5159392177041,0.0,56.51136241823657,4,9,0
1790249189884,L1,31.292080789741444,3.4374541431134573,0.0,58.58451116656666,1,12,0
1790249190884,L1,46.48486515958691,4.470947322653705,0.0,47.653794300425865,1,11,0
1790249191884,L1,50.184183791895514,5.794264679621827,0.0,50.382379949600285,2,7,0
1790249192884,L1,66.76437312275283,3.7457105768307506,0.0,35.51408585366456,1,16,0
1790249193884,L1,53.269273737641626,5.293557932166629,0.0,47.00323351993213,3,12,0
1790249194884,L1,47.80899471191136,3.643418195376595,0.0,49.49795382958255,3,6,0
1790249195884,L1,58.294055811834895,5.466429982433526,0.0,76.20793091029975,4,8,0
1790249196884,L1,27.88864690992115,4.964358517702516,0.0,38.88032974225836,1,9,0
1790249197884,L1,52.35614558108566,3.3848681840944908,0.0,64.64177238752437,1,11,0
1790249198884,L1,57.70865193886967,6.164739354457171,0.0,59.96858773465808,1,8,0
1790249199884,L1,35.214137542201584,4.265408423201951,0.0,52.806364044901365,1,14,0
1790249200884,L1,61.43754043206929,4.18974756298562,0.0,67.58620484195133,2,8,0
1790249201884,L1,53.38496407494414,5.2005691972309425,0.0,53.72105472606863,0,9,0
1790249202884,L1,45.847120860991986,6.148637349428715,0.0,53.891591956679285,1,11,0
1790249203884,L1,56.32781866106285,3.984178181021603,0.0,49.46879346982455,2,7,0
1790249204884,L1,72.70692857804396,5.061679849847971,0.0,62.235688824186276,4,13,0
1790249205884,L1,51.81866255058495,5.428816500330573,0.0,60.96469233810884,0,5,0
1790249206884,L1,52.48220586300336,5.693105607263144,0.0,43.743227125037876,0,11,0
1790249207884,L1,45.40639100459756,5.176441555277226,0.0,36.80752805401232,1,12,0
1790249208884,L1,41.50155630535208,4.632972160916678,0.0,47.97019362604343,1,8,0
1790249209884,L1,58.303358165442454,4.17240977935128,0.0,41.999614356023535,4,7,0
1790249210884,L1,41.43916174091133,5.0861438830463745,0.0,49.36475425384645,2,15,0
1790249211884,L1,50.715662372193925,3.927860988014393,0.0,62.37438134684139,2,9,0
1790249212884,L1,45.223425532348834,2.0786495165053926,0.0,45.4269834491321,2,11,0
1790249213884,L1,54.78979825746392,5.4365598041576675,0.0,49.571766186884254,5,5,0
1790249214884,L1,53.33662105286948,5.903934841086195,0.0,50.58022734808395,3,13,0
1790249215884,L1,60.375399442578995,2.6370675644581616,0.0,58.484308822052846,4,13,0
1790249216884,L1,44.89983601145253,3.9902692952900622,0.0,27.53110666015395,3,11,0
1790249217884,L1,47.30125064706629,5.619154261005198,0.0,43.932997052347034,0,11,0
1790249218884,L1,40.21236284217693,7.057495469711698,0.0,52.11283692279473,3,8,0
1790249219884,L1,45.55706739923889,5.0207937076754074,0.0,62.000789564268615,2,4,0
1790249220884,L1,53.77300493044852,4.271997058770866,0.0,45.08097552493795,3,10,0
1790249221884,L1,57.56988616645352,4.81710355889516,0.0,31.23447293958126,3,10,0
1790249222884,L1,40.77834675822375,6.374876419148185,0.0,56.197114459661364,1,9,0
1790249223884,L1,58.6960592010566,4.354035820875465,0.0,43.646376111743706,1,14,0
1790249224884,L1,63.55637858804951,4.200807993349747,0.0,38.103333409096386,4,9,0
1790249225884,L1,54.13434903223701,4.517256477817968,0.0,43.75654610286776,0,4,0
1790249226884,L1,68.76795812558066,4.046671391741287,0.0,48.1547464234415,2,4,0
1790249227884,L1,42.26210800896427,5.122670315994796,0.0,43.95255335461787,3,11,0
1790249228884,L1,37.55345296688583,6.62467845846956,0.0,27.944339429009307,1,13,0
1790249229884,L1,32.212797510957216,5.323079273116029,0.0,58.97066196887132,0,12,0
1790249230884,L1,64.96044311489183,4.7476464978737125,0.0,62.748750412787224,3,6,0
1790249231884,L1,56.54365656354058,4.708188731084456,0.0,56.51521991339506,2,9,0
1790249232884,L1,49.44415329089545,3.436809191303343,0.0,38.62314329575183,1,10,0
1790249233884,L1,52.799686263198204,5.883109777147159,0.0,47.98508466052482,2,9,0
1790249234884,L1,38.74510952701623,4.922162802987198,0.0,49.93478684770542,1,14,0
1790249235884,L1,74.45751979616827,4.819520086409375,0.0,55.987943895619104,0,6,0
1790249236884,L1,51.292211819752275,8.19310756784486,0.0,56.68340488718081,2,7,0
1790249237884,L1,51.09394794604893,5.298752908365686,0.0,42.65826201221504,0,6,0
1790249238884,L1,57.25766623898692,4.248208949904816,0.0,50.819955564135604,3,14,0
1790249239884,L1,54.81009231736713,4.573642403794457,0.0,54.57280404615241,2,12,0
1790249240884,L1,52.23884024279131,6.148445709196755,0.0,64.55822322146767,4,13,0
1790249241884,L1,42.09525544554688,5.113270410537765,0.0,57.04506539824723,1,13,0
1790249242884,L1,54.714683571359956,3.561722021682633,0.0,57.89056687375519,0,16,0
1790249243884,L1,68.82024496475033,5.919228934575203,0.0,50.838266279293606,0,10,0
1790249244884,L1,63.454200461549775,4.331855914461006,0.0,64.10459145203504,4,13,0
1790249245884,L1,65.93186626639397,6.873297776217545,0.0,54.09762795959497,0,6,0
1790249246884,L1,44.887843235688145,6.0800480657146485,0.0,41.389120898264295,5,13,0
1790249247884,L1,40.10395179741419,4.552678104341249,0.0,64.0336997012519,0,10,0
1790249248884,L1,48.74213079900352,6.281016361735112,0.0,56.979032725390276,3,14,0
1790249249884,L1,50.557249122886944,5.067855510527403,0.0,45.569559788715175,2,14,0
1790249250884,L1,60.94191518470949,5.8527736751222195,0.0,45.205070326007565,1,7,0
1790249251884,L1,33.07535370285181,5.484732817294475,0.0,52.96575545140762,1,8,0
1790249252884,L1,65.29550319460614,4.153643345009127,0.0,54.63184795267584,1,3,0
1790249253884,L1,48.419921014210104,4.356450167682538,0.0,51.972922656312065,2,13,0
1790249254884,L1,45.7311893005258,6.029960817581161,0.0,53.113086734428855,3,7,0
1790249255884,L1,39.87895624739832,4.665224667893459,0.0,66.99957374576381,2,10,0
1790249256884,L1,33.451433281342304,4.596351536758004,0.0,60.71543152234886,3,9,0
1790249257884,L1,58.231705839619146,4.044877420650647,0.0,51.90635591265024,3,11,0
1790249258884,L1,50.73317967188404,5.423599065593461,0.0,59.41310580767483,1,6,0
1790249259884,L1,37.10039100258946,7.062524919243145,0.0,39.674760964724605,2,9,0
1790249260884,L1,37.049212279363836,3.932467085745727,0.0,53.979270499468086,2,11,0
1790249261884,L1,46.64215300709872,5.024219456672758,0.0,68.0930634973311,2,6,0
1790249262884,L1,66.69021525289394,6.412220555415429,0.0,47.81954104607626,4,11,0
1790249263884,L1,47.40408648636395,4.9203586087542845,0.0,41.52366071380915,1,10,0
1790249264884,L1,34.96857046881894,5.452371796249734,0.0,43.47911111406939,0,7,0
1790249265884,L1,47.54256935914056,3.9376064718531203,0.0,39.103669626576114,1,11,0
1790249266884,L1,47.2727643025233,10.0,0.0,42.15238091872297,10,11,1
1790249267884,L1,23.031133570584284,20.0,5.0,46.29491901409971,30,11,1
1790249268884,L1,49.45705133482188,50.0,20.0,35.94432980821358,60,11,1
1790249269884,L1,47.69065469791322,80.0,50.0,50.15618333949603,90,9,1
1790249270884,L1,56.96206364813418,99.0,100.0,59.02277173786647,100,10,1
1790249271884,L1,68.48956094945345,5.579633173213575,0.0,40.9224381985308,2,8,0
1790249272884,L1,61.26565029547757,5.325796316582166,0.0,65.19283923641768,3,6,0
1790249273884,L1,47.31111309445169,5.194384301577336,0.0,55.107920885275945,0,13,0
1790249274884,L1,38.9347409125833,4.6468337071893115,0.0,60.305805856240575,5,13,0
1790249275884,L1,75.7335980324986,5.338483843461691,0.0,43.42165446147863,5,11,0
1790249276884,L1,50.59218434014488,4.704598589860971,0.0,58.545252270666154,1,7,0
1790249277884,L1,50.13929291912946,5.168460976269614,0.0,39.08066099604687,4,6,0
1790249278884,L1,49.758749128899964,6.31759753560796,0.0,58.90247500836509,2,8,0
1790249279884,L1,51.980847607678555,3.9934574347203586,0.0,51.718393397935316,3,7,0
1790249280884,L1,48.556395880760576,6.139878561129045,0.0,55.53251219984784,2,18,0
1790249281884,L1,44.26337993119764,6.3171150673398655,0.0,38.24405394375148,3,9,0
1790249282884,L1,44.53141058759608,4.881931473008922,0.0,41.049301577233955,2,11,0
1790249283884,L1,49.672467297840015,2.8781451009914054,0.0,55.972282182533846,2,8,0
1790249284884,L1,44.56575228866235,4.392178012905568,0.0,40.51651995775799,2,11,0
1790249285884,L1,42.871542173228356,6.296994546561109,0.0,54.63206292099123,2,12,0
1790249286884,L1,51.064302276918966,4.977131937701118,0.0,36.32862193539754,0,12,0
1790249287884,L1,47.45022782579145,4.0006977677050894,0.0,58.48174212666668,4,17,0
1790249288884,L1,65.03992988582688,4.4952250787717825,0.0,37.67476685231491,4,11,0
1790249289884,L1,23.490301916069882,5.840620026504553,0.0,55.522999376795234,1,17,0
1790249290884,L1,60.91506851922462,5.546733568201379,0.0,56.25630933646001,3,8,0
1790249291884,L1,62.46085192497629,4.761067900830305,0.0,43.03228181570425,0,9,0
1790249292884,L1,29.266097675918505,4.6331755881853125,0.0,55.82026567084727,2,8,0
1790249293884,L1,46.57312405919651,4.608241850956178,0.0,52.60442263333556,0,7,0
1790249294884,L1,46.28559134004209,4.077589815501497,0.0,44.61158143807262,3,9,0
1790249295884,L1,35.92488305282179,6.615375689469442,0.0,39.91445315923792,2,14,0
1790249296884,L1,42.22183312409125,4.6776795307886605,0.0,30.37374308327421,1,5,0
1790249297884,L1,38.894241545341714,6.217158520825496,0.0,53.496500472996935,0,12,0
1790249298884,L1,67.52270443423623,6.521316051922451,0.0,34.35197228637945,0,5,0
1790249299884,L1,59.35678393147461,5.9983108981479605,0.0,50.95344199441308,4,7,0
1790249300884,L1,62.71555094994159,4.5683796872819515,0.0,47.36551783917751,2,13,0
1790249301884,L1,57.21672064043235,5.40373009033661,0.0,56.79142775438196,2,6,0
1790249302884,L1,38.70948228782771,4.975804393609084,0.0,46.97954500510136,3,9,0
1790249303884,L1,44.75479733720226,4.096298139269872,0.0,46.70552213652909,5,6,0
1790249304884,L1,54.89374561227918,5.324359281721603,0.0,57.318707042882956,3,15,0
1790249305884,L1,37.778721911080545,3.8209602088401975,0.0,53.35058029084117,0,7,0
1790249306884,L1,57.12998430172388,6.1876793884615635,0.0,53.16155957182778,0,12,0
1790249307884,L1,47.59674601841865,4.535382702701607,0.0,54.69267589808526,2,8,0
1790249308884,L1,46.251791924504026,5.201159655872839,0.0,34.644278767928945,2,10,0
1790249309884,L1,57.10959968203492,5.283287871546142,0.0,57.56788679986982,2,9,0
1790249310884,L1,54.4426331148604,4.741095026295922,0.0,56.12468794013602,3,6,0
1790249311884,L1,46.3903383418092,5.586693801475275,0.0,39.83316871423503,0,10,0
1790249312884,L1,61.59329803364248,4.525096343377475,0.0,47.55919526325799,0,9,0
1790249313884,L1,39.189366724001026,5.871297297457244,0.0,49.606927123723686,3,12,0
1790249314884,L1,56.15935606944264,3.6540203197532515,0.0,48.655032155982674,2,15,0
1790249315884,L1,55.93101257968384,5.126379579546412,0.0,53.338599665685344,3,10,0
1790249316884,L1,46.904535606860094,6.938928999058285,0.0,64.31366781831184,1,10,0
1790249317884,L1,53.26133022242118,3.9996686753944255,0.0,60.81766727672829,3,10,0
1790249318884,L1,37.488864236146966,4.322255029475149,0.0,36.87780806568594,3,11,0
1790249319884,L1,59.24027019206901,5.513907849658915,0.0,56.220699903060485,1,13,0
1790249320884,L1,48.15097863557011,5.179581781939598,0.0,63.2893331953541,3,9,0
1790249321884,L1,44.772769794809605,5.350630099273559,0.0,53.868085206892026,4,13,0
1790249322884,L1,60.49009225836889,5.489187130147664,0.0,60.90980425185967,2,9,0
1790249323884,L1,42.95656309457241,5.63472146856177,0.0,70.12270445700766,1,15,0
1790249324884,L1,35.9153870363644,6.109699841956223,0.0,60.23709546106981,4,11,0
1790249325884,L1,34.433708264760966,5.409818656928513,0.0,52.49308595641729,1,9,0
1790249326884,L1,56.06009951345639,4.7587423453814575,0.0,60.450884740847535,1,4,0
1790249327884,L1,37.19570647503717,5.672573701202731,0.0,51.44887833096891,3,11,0
1790249328884,L1,67.54794181984364,6.899881934895215,0.0,50.23903043284955,1,10,0
1790249329884,L1,29.18070592116278,4.867366253617426,0.0,46.485857642862676,4,9,0
1790249330884,L1,66.96456368290038,4.025470695329359,0.0,65.63413358832108,3,9,0
1790249331884,L1,52.11017467202618,6.107080669286972,0.0,41.81571334057999,0,8,0
1790249332884,L1,49.032868881296075,4.879618836046402,0.0,65.32367724678116,2,14,0
1790249333884,L1,44.550809131910505,2.827330453985964,0.0,54.99864123740371,3,12,0
1790249334884,L1,53.991361143520706,5.847421677150422,0.0,36.006938251980586,2,8,0
1790249335884,L1,49.62365297575152,4.464671814046078,0.0,53.67649292991422,1,8,0
1790249336884,L1,61.03301882016522,4.909466717695839,0.0,28.99973492348376,4,14,0
1790249337884,L1,51.142276486620396,5.3319803305690145,0.0,56.25508016831036,1,10,0
1790249338884,L1,51.50301761461878,5.190499679779067,0.0,58.85231482988991,1,10,0
1790249339884,L1,46.36387787786144,5.70945181713904,0.0,44.07644044347946,0,14,0
1790249340884,L1,49.43054376278933,4.564513629430157,0.0,51.235476959555825,3,9,0
1790249341884,L1,53.07801768892059,5.513105798176083,0.0,69.54157433750287,0,12,0
1790249342884,L1,32.89831607343375,4.740453322416083,0.0,44.942532957380635,2,10,0
1790249343884,L1,36.518145778942866,5.738810480887503,0.0,39.410924129433994,1,10,0
1790249344884,L1,57.43264094022715,5.615367484013054,0.0,64.81663402462598,1,9,0
1790249345884,L1,51.708654381279416,4.064561297955405,0.0,69.62587190530795,2,14,0
1790249346884,L1,48.16016663647321,6.085982116175032,0.0,50.03695671847847,4,9,0
1790249347884,L1,50.184339330653934,4.464036554885952,0.0,60.11463035408356,4,12,0
1790249348884,L1,53.47581705361671,5.808057798281145,0.0,63.41475915530881,3,9,0
1790249349884,L1,44.60240319690639,5.367287313401341,0.0,42.57515767461616,4,18,0
1790249350884,L1,42.216952745976876,6.838183676795122,0.0,45.14694164632132,1,10,0
1790249351884,L1,51.958452550976816,4.776534017628148,0.0,62.30874513154735,2,8,0
1790249352884,L1,40.21627222384968,4.650683203881803,0.0,66.85014278708509,1,8,0
1790249353884,L1,54.082527557144715,4.980580394112267,0.0,55.62880860174355,1,12,0
1790249354884,L1,32.9741639576216,4.696820217165725,0.0,41.20185646497946,4,8,0
1790249355884,L1,60.291556373256434,5.79994190194205,0.0,69.87061111699441,2,13,0
1790249356884,L1,54.72597482413043,3.3836893915634123,0.0,44.690291021880356,0,11,0
1790249357884,L1,52.56029734313876,3.9463175808536457,0.0,46.64862218828548,3,13,0
1790249358884,L1,59.82690983945514,3.932197078420807,0.0,53.423378344896214,1,8,0
1790249359884,L1,66.65474444462576,5.9503075919735755,0.0,65.54160420714774,2,10,0
1790249360884,L1,60.1437006501813,6.710613372581925,0.0,58.539759765522234,2,9,0
1790249361884,L1,31.591257686683548,4.8955507814625285,0.0,54.148655003619105,0,12,0
1790249362884,L1,37.204230332642986,4.83117827680999,0.0,54.63288530118106,2,7,0
1790249363884,L1,43.75181422304321,5.070052163113181,0.0,50.43514668643466,5,7,0
1790249364884,L1,50.26091050210834,6.161878302608191,0.0,55.58139514518506,2,9,0
1790249365884,L1,55.17659020469123,4.072646865809426,0.0,24.70439922305697,3,10,0
1790249366884,L1,42.742561868465344,10.0,0.0,47.033925409302014,10,9,1
1790249367884,L1,51.86766764477078,20.0,5.0,52.41321934916781,30,10,1
1790249368884,L1,42.44617067646678,50.0,20.0,38.48985916380493,60,12,1
1790249369884,L1,43.884821970080516,80.0,50.0,53.8632331781156,90,17,1
1790249370884,L1,35.93338903151778,99.0,100.0,47.95528779013878,100,10,1
1790249371884,L1,40.767667538890954,2.296767707000763,0.0,67.5547569831549,1,4,0
1790249372884,L1,36.48315394383666,5.677875319530908,0.0,65.73019725214857,2,6,0
1790249373884,L1,40.241267470226674,4.345924316872576,0.0,45.34194430881837,1,10,0
1790249374884,L1,60.536417966078396,3.169367103143543,0.0,48.49162288433305,2,6,0
1790249375884,L1,40.50601111168057,5.511202599524981,0.0,49.260524343916074,5,8,0
1790249376884,L1,76.32382064837391,6.373658545162957,0.0,45.483405238403776,3,8,0
1790249377884,L1,54.93317900880889,4.862551485372308,0.0,51.950249840281266,4,7,0
1790249378884,L1,51.84836123694874,5.9528745472029385,0.0,42.4171793111241,2,9,0
1790249379884,L1,41.41642219818787,6.612278257988645,0.0,38.693846650624735,2,8,0
1790249380884,L1,57.00309879408991,6.314914453584048,0.0,56.227112239002686,0,10,0
1790249381884,L1,44.24362173762226,6.639964529371393,0.0,56.29529584221811,2,18,0
1790249382884,L1,51.220098146453616,5.7421274910718925,0.0,41.956842403400074,1,10,0
1790249383884,L1,75.60084538268795,5.075433638901592,0.0,58.95355430762599,1,8,0
1790249384884,L1,49.0394010027535,3.3980341881028315,0.0,43.68422270834669,2,8,0
1790249385884,L1,61.49273326285676,4.753937511870052,0.0,52.53165238037981,3,12,0
1790249386884,L1,42.96823574874112,4.156753404683808,0.0,58.20344012612456,1,13,0
1790249387884,L1,49.65011509503038,7.170942717497814,0.0,49.66387435296287,2,12,0
1790249388884,L1,67.7080063563551,4.824114187567663,0.0,54.54740912141135,1,10,0
1790249389884,L1,43.730329422122324,5.123204806784486,0.0,44.835703561124284,2,14,0
1790249390884,L1,68.12448557996929,5.551485376040468,0.0,48.03533416571903,1,8,0
1790249391884,L1,57.07751935455475,5.043602446372454,0.0,47.94140569119659,1,7,0
1790249392884,L1,44.37533224105732,6.695051040430753,0.0,42.53421653459761,3,9,0
1790249393884,L1,56.32407739055521,4.377350638265548,0.0,48.23225836884218,3,9,0
1790249394884,L1,59.7255444962673,5.194607455237243,0.0,34.51381701136253,1,7,0
1790249395884,L1,56.21809962217196,4.257529414301952,0.0,45.08846252857895,0,9,0
1790249396884,L1,34.297752801095434,3.6799774887792944,0.0,47.15124506630329,3,5,0
1790249397884,L1,42.728628241751316,4.388230909094714,0.0,47.4382024750462,3,11,0
1790249398884,L1,47.52481364448495,4.962963202951588,0.0,47.58502554129221,3,9,0
1790249399884,L1,49.25566570899954,4.57069777548274,0.0,49.382358001398714,0,10,0
1790249400884,L1,56.20672097550678,4.307579020126144,0.0,54.79441518086064,0,6,0
1790249401884,L1,51.777010009332535,3.593682536328166,0.0,58.745170741325225,0,6,0
1790249402884,L1,36.64655641289899,4.9168944273713056,0.0,43.50234773151733,4,11,0
1790249403884,L1,53.801978510059634,3.4952796259689975,0.0,37.967991446108556,1,7,0
1790249404884,L1,56.10585745283823,5.760055963689602,0.0,39.57955587756897,3,7,0
1790249405884,L1,55.5979044793104,5.082439752934503,0.0,45.12797078805073,0,7,0
1790249406884,L1,60.807807255546216,3.5424485005350697,0.0,46.48078682183491,0,10,0
1790249407884,L1,58.33922154548904,4.6907909229501366,0.0,42.30003933802543,4,13,0
1790249408884,L1,54.59180079228437,4.247843594409417,0.0,37.038833357501055,1,9,0
1790249409884,L1,49.29834288541353,5.31917451041918,0.0,45.43879172525812,2,7,0
1790249410884,L1,33.39039066484009,6.340450446023144,0.0,51.814266201139716,4,10,0
1790249411884,L1,54.29618219132586,3.1248275303542554,0.0,55.950294658355645,1,17,0
1790249412884,L1,52.076876871631114,5.115026079147417,0.0,44.42576946891679,0,20,0
1790249413884,L1,52.715788371953735,4.83986720443336,0.0,45.87002177856566,1,13,0
1790249414884,L1,37.232514241796906,5.671340076450465,0.0,40.733016911526896,2,8,0
1790249415884,L1,39.189434595917376,5.213196628237689,0.0,49.685608296252234,1,11,0
1790249416884,L1,60.53152853332904,4.248030668261181,0.0,41.515713658091855,1,10,0
1790249417884,L1,49.60444846143345,4.680946064333382,0.0,55.731278132412,1,5,0
1790249418884,L1,56.81500697372624,4.203974143196511,0.0,32.14133508065889,3,15,0
1790249419884,L1,50.28318376130459,6.076007138598598,0.0,46.40370327547538,1,6,0
1790249420884,L1,50.297561394957434,5.021311648671942,0.0,53.01107339191742,1,9,0
1790249421884,L1,59.382838059759976,6.901190685753008,0.0,51.83834516322504,3,6,0
1790249422884,L1,44.83955271782626,4.9393391861853795,0.0,76.93033663980496,1,6,0
1790249423884,L1,50.96120776940983,4.291593233089538,0.0,53.49800024567907,2,13,0
1790249424884,L1,45.377247112949576,3.486285607387173,0.0,39.9594540315799,0,9,0
1790249425884,L1,45.65503772567684,3.1968603237440547,0.0,49.04535752910927,1,2,0
1790249426884,L1,46.908278765313604,3.4158640569945105,0.0,32.23753666533548,3,7,0
1790249427884,L1,52.221337716337125,5.267126651011483,0.0,49.194002507032394,1,14,0
1790249428884,L1,45.21251378336523,5.508725023229934,0.0,41.669439429992416,4,11,0
1790249429884,L1,62.55756125573521,3.418809297967867,0.0,59.15390275560162,2,11,0
1790249430884,L1,41.05392697780496,5.895038314076116,0.0,44.504597254044654,0,11,0
1790249431884,L1,48.13128355838641,4.516938948316561,0.0,48.832340842047536,4,6,0
1790249432884,L1,45.60268941725825,5.146793011985549,0.0,43.64442158595597,2,14,0
1790249433884,L1,64.46977884353733,6.612220628255424,0.0,67.38851351853332,1,11,0
1790249434884,L1,51.965547765115744,5.896839315865532,0.0,46.78757233882088,1,9,0
1790249435884,L1,60.31844539468635,4.731469352094168,0.0,68.32557043479201,2,8,0
1790249436884,L1,35.14439626963028,4.1088077745847125,0.0,58.141517621182665,1,12,0
1790249437884,L1,52.67050265869259,2.848184598670695,0.0,54.82066727335386,2,16,0
1790249438884,L1,58.896307956234374,4.28084668075758,0.0,53.6873314731752,2,10,0
1790249439884,L1,50.82283989275424,4.788869761172306,0.0,53.93797298216251,1,15,0
1790249440884,L1,60.654803750653514,4.012820472848817,0.0,30.7232742065439,1,16,0
1790249441884,L1,44.82711549899628,4.8687430329076955,0.0,47.21116605849244,5,9,0
1790249442884,L1,64.0934744018558,5.076851882958768,0.0,58.451579711843216,1,15,0
1790249443884,L1,72.9889812361925,4.775144018191922,0.0,49.51102816525894,6,10,0
1790249444884,L1,46.37161439560341,4.349997419176541,0.0,35.94810153196425,4,7,0
1790249445884,L1,45.54497478599228,5.168654671966728,0.0,49.4759554942253,2,11,0
1790249446884,L1,64.53384477117702,5.441940649569409,0.0,67.04105516255491,1,10,0
1790249447884,L1,65.79572145730712,3.909600922557154,0.0,62.46891715534719,1,14,0
1790249448884,L1,44.771399728467316,6.41093237974627,0.0,49.379959906339685,3,9,0
1790249449884,L1,45.798131829041424,4.901411867715738,0.0,59.514492770580866,2,11,0
1790249450884,L1,47.18215391139493,5.018849622944848,0.0,46.33492979631948,1,15,0
1790249451884,L1,36.55549488965723,5.708214423256558,0.0,32.96128413173281,4,12,0
1790249452884,L1,40.81348053515802,5.233216131263502,0.0,40.75534011870445,2,16,0
1790249453884,L1,39.95859233247932,5.953136633913245,0.0,65.62888768508198,1,5,0
1790249454884,L1,42.32202434895871,5.287124165201824,0.0,47.26006918170696,3,9,0
1790249455884,L1,49.65315112613219,4.387562625359562,0.0,47.56616020624982,2,11,0
1790249456884,L1,52.342147325365204,5.361503525206102,0.0,47.00161803725119,4,13,0
1790249457884,L1,65.50500492814076,3.856273792679338,0.0,69.04136589573007,4,12,0
1790249458884,L1,40.016459592612094,5.108559705776523,0.0,66.25958915362064,1,8,0
1790249459884,L1,59.843223984765835,4.966770009355539,0.0,72.18780233448133,4,8,0
1790249460884,L1,47.86011155774491,4.79188314272746,0.0,48.40954789599949,0,8,0
1790249461884,L1,49.50536290347567,4.871462488561069,0.0,52.95624488747095,3,9,0
1790249462884,L1,56.748194921666034,3.1181509545023607,0.0,34.833574505792086,3,11,0
1790249463884,L1,38.772779784377015,4.4512750922590385,0.0,64.76934426118274,2,11,0
1790249464884,L1,53.82409746184051,5.092844901141115,0.0,38.32220448732065,3,12,0
1790249465884,L1,51.66452208213056,5.1598563919974,0.0,52.16775563762629,1,14,0
1790249466884,L1,54.92451264008149,10.0,0.0,39.02697472367156,10,5,1
1790249467884,L1,52.89168643907818,20.0,5.0,44.11133173261304,30,10,1
1790249468884,L1,74.55300139910894,50.0,20.0,41.627375689503,60,9,1
1790249469884,L1,43.62260015748684,80.0,50.0,43.92124739324182,90,10,1
1790249470884,L1,44.690030449981826,99.0,100.0,44.608772968510216,100,11,1
1790249471884,L1,43.76859473575236,4.353772690156197,0.0,44.517312050749226,0,6,0
1790249472884,L1,44.44522880839745,6.775310892609512,0.0,58.33333911780307,3,11,0
1790249473884,L1,43.62612872693482,3.8063631682435197,0.0,38.9513720693748,1,9,0
1790249474884,L1,61.89016531107552,5.919154173610002,0.0,52.20541427013867,1,6,0
1790249475884,L1,64.20504247989855,6.000582318042978,0.0,62.179591523055585,1,11,0
1790249476884,L1,44.29253706250524,4.329379790923355,0.0,44.86803635486604,4,9,0
1790249477884,L1,41.67644426895771,6.392465300064329,0.0,42.82081109252398,3,10,0
1790249478884,L1,54.71415556386404,4.749953485401047,0.0,47.69475374819749,0,8,0
1790249479884,L1,44.477769557190285,5.288693629279857,0.0,61.7972520836071,1,7,0
1790249480884,L1,56.32931817755511,5.260321838771221,0.0,51.94107630953358,4,8,0
1790249481884,L1,52.029230208513,4.865691258529452,0.0,44.68785705392401,2,8,0
1790249482884,L1,34.84255885002768,5.8108082731597825,0.0,54.838766511880394,1,11,0
1790249483884,L1,65.47505201330061,5.793488720552213,0.0,38.977078501635766,2,11,0
1790249484884,L1,67.95877673095522,3.2514680267618195,0.0,56.81359510442948,1,8,0
1790249485884,L1,43.87211309515614,6.304340242878153,0.0,54.08607307701767,3,9,0
1790249486884,L1,46.122984400640156,3.3375080119643257,0.0,46.92191528861116,3,10,0
1790249487884,L1,52.85865390724905,6.032546204341657,0.0,41.61414201552769,6,11,0
1790249488884,L1,53.34456789987025,6.126705136827583,0.0,41.133190777165424,1,11,0
1790249489884,L1,56.5854427267283,3.9090335697848015,0.0,55.348173363459104,3,8,0
1790249490884,L1,70.1020453876635,4.589185712045415,0.0,62.28980502489062,1,9,0
1790249491884,L1,48.2305277250595,3.8942953315140643,0.0,43.62692252971205,4,8,0
1790249492884,L1,42.01702755461546,4.785078969711265,0.0,54.58386703551484,2,11,0
1790249493884,L1,36.20680771985473,4.691965715814259,0.0,29.129729813979313,3,11,0
1790249494884,L1,42.69069960058081,5.7796605322693395,0.0,44.153822693428005,1,9,0
1790249495884,L1,49.66873027126203,6.310308746119609,0.0,49.68941067129098,2,13,0
1790249496884,L1,67.94557863517788,6.395683810789956,0.0,40.90316583018166,2,7,0
1790249497884,L1,44.823887009638284,4.437831973421698,0.0,40.63493625210404,2,8,0
1790249498884,L1,52.237879516388986,4.790778126255472,0.0,43.32220443531114,1,8,0
1790249499884,L1,49.83577103927248,3.31656180777905,0.0,52.921927283263734,4,15,0
1790249500884,L1,61.88393273448084,4.194129933503811,0.0,48.12670981593625,1,12,0
1790249501884,L1,75.26932425873622,5.9648516330974575,0.0,27.617687666750278,1,11,0
1790249502884,L1,44.69131227079679,6.615582823548232,0.0,28.792998473649337,2,8,0
1790249503884,L1,45.10560557481778,3.765651128120078,0.0,43.93134822142825,2,10,0
1790249504884,L1,60.44160877069072,4.407535740847106,0.0,54.57686586053552,5,8,0
1790249505884,L1,56.81891489626312,4.973594243041073,0.0,22.524951572747653,0,5,0
1790249506884,L1,68.46707325736034,5.280161158819606,0.0,45.002698238483696,0,7,0
1790249507884,L1,55.83928185325964,4.190396480078354,0.0,44.73752143482579,2,8,0
1790249508884,L1,46.40707909212941,5.424061044464089,0.0,63.88337778208448,1,10,0
1790249509884,L1,55.90654830692309,4.526160652929084,0.0,46.149781882871366,4,10,0
1790249510884,L1,61.087035805829075,4.985547729121721,0.0,53.829889847409284,4,11,0
1790249511884,L1,58.204821811973645,5.546284248003699,0.0,51.41257140087463,2,8,0
1790249512884,L1,55.07274031107298,5.006422269810938,0.0,28.694335201927995,1,9,0
1790249513884,L1,60.66674689589154,4.5636141094734315,0.0,57.682072166317376,1,9,0
1790249514884,L1,61.692955904456724,4.890390196074169,0.0,52.15396505456288,4,12,0
1790249515884,L1,63.82158991037527,4.911637040794664,0.0,55.0826863967459,1,6,0
1790249516884,L1,56.48709887589643,4.629988970117872,0.0,89.26237706436326,8,10,0
1790249517884,L1,48.328819196831454,4.741203937332898,0.0,29.158870605014116,0,9,0
1790249518884,L1,51.46713686433323,6.598647170504717,0.0,67.24696649761108,1,17,0
1790249519884,L1,62.06508966508357,5.560919447941239,0.0,47.12552480599644,3,13,0
1790249520884,L1,41.83064329012764,4.704519681970839,0.0,52.873289044030095,1,14,0
1790249521884,L1,53.686733088729014,5.696954404510736,0.0,49.54487754698758,3,7,0
1790249522884,L1,46.06661187672639,4.66618051024399,0.0,45.757636666019565,2,15,0
1790249523884,L1,50.28744822934817,6.173124637586641,0.0,44.30167071761242,2,13,0
1790249524884,L1,62.78451862607299,5.369642192198094,0.0,53.29508735573009,1,10,0
1790249525884,L1,51.910990680199035,4.892697855995771,0.0,34.82826303328321,2,7,0
1790249526884,L1,50.46436548156149,5.447716925810277,0.0,57.50579167521766,0,14,0
1790249527884,L1,36.401438590200804,3.4291238479315007,0.0,45.83805595114746,1,9,0
1790249528884,L1,57.46253566027221,3.8732325310901947,0.0,38.69930660959642,0,9,0
1790249529884,L1,56.45484181141075,3.8060749936009444,0.0,45.49987142004186,5,12,0
1790249530884,L1,71.6325472330546,5.142943094763707,0.0,62.57149216862573,4,8,0
1790249531884,L1,46.922217650469996,6.732514999485092,0.0,44.64664912983777,3,8,0
1790249532884,L1,52.19150327663939,7.231300146192632,0.0,53.5845361820962,1,8,0
1790249533884,L1,52.49383683710755,5.638051101440757,0.0,42.69043724284527,2,7,0
1790249534884,L1,65.77453279763475,5.500844474944457,0.0,57.5792184992362,1,9,0
1790249535884,L1,49.047044676130476,3.1989422658472613,0.0,56.85507738790204,4,10,0
1790249536884,L1,52.790215257703395,4.457326200265978,0.0,68.48608833296412,1,10,0
1790249537884,L1,56.078965097165394,4.212216248091761,0.0,48.244360545007844,0,8,0
1790249538884,L1,51.86609123156358,4.379152401748884,0.0,56.686548047579066,3,16,0
1790249539884,L1,45.535663854494715,4.83185618141521,0.0,50.98067539538945,1,11,0
1790249540884,L1,51.94089992898308,4.527909422302873,0.0,62.95871781863014,3,8,0
1790249541884,L1,60.73631749859772,3.020700189624212,0.0,42.8116761239127,0,6,0
1790249542884,L1,39.7348470058894,5.7479102561175335,0.0,57.45005312877281,2,7,0
1790249543884,L1,51.32969674146876,3.9272569742601933,0.0,48.053027038833186,2,16,0
1790249544884,L1,42.99879185060827,5.239246864111149,0.0,49.358118228915025,1,10,0
1790249545884,L1,61.950466289248425,7.0740826697499735,0.0,50.91752484448373,3,8,0
1790249546884,L1,34.76813095216225,4.080615408413577,0.0,52.52240396426677,3,15,0
1790249547884,L1,44.410781527284115,2.4697124772536703,0.0,48.83770956878042,1,9,0
1790249548884,L1,53.772118750645205,4.713995778119889,0.0,52.14713183170526,1,7,0
1790249549884,L1,65.65524029234341,6.100959634998571,0.0,65.78118057562185,3,10,0
1790249550884,L1,49.34249738927012,6.958347454220593,0.0,59.85449685615218,1,13,0
1790249551884,L1,44.44800473306802,3.7704504055475834,0.0,58.69154592496896,0,12,0
1790249552884,L1,68.8115706944059,5.496699223236522,0.0,45.444604739761296,1,10,0
1790249553884,L1,35.51986099583756,4.5346895432199466,0.0,41.10759171771676,3,9,0
1790249554884,L1,28.011940433799182,4.894051645695864,0.0,59.55300558237753,4,18,0
1790249555884,L1,54.40014450053332,7.644343347017035,0.0,58.760467925297945,2,12,0
1790249556884,L1,44.97945775647389,3.497029671604847,0.0,64.72670675750982,0,9,0
1790249557884,L1,39.787671828692865,5.253739661494573,0.0,43.9601937403077,2,9,0
1790249558884,L1,57.08356447299353,5.467693171765434,0.0,47.70451344639653,1,10,0
1790249559884,L1,52.43800713771199,6.085786324939347,0.0,33.605158374745656,3,6,0
1790249560884,L1,44.359213692632714,5.097983153470896,0.0,46.07528893939127,2,6,0
1790249561884,L1,37.19695601329106,5.308050539504102,0.0,59.96570510579447,2,16,0
1790249562884,L1,58.724573282801444,4.60835143257821,0.0,45.33504620771802,2,12,0
1790249563884,L1,56.50201177958661,5.269126941245108,0.0,56.40479795200824,0,15,0
1790249564884,L1,49.00824136220617,4.656807724502589,0.0,48.094968940021886,3,13,0
1790249565884,L1,68.46636996047665,5.6215718898560505,0.0,53.24057028221561,2,14,0
1790249566884,L1,39.29915233673847,10.0,0.0,38.523086101843326,10,8,1
1790249567884,L1,34.74474829075261,20.0,5.0,50.852094496339014,30,8,1
1790249568884,L1,43.080919301187556,50.0,20.0,20.088640290992767,60,8,1
1790249569884,L1,49.54413983644502,80.0,50.0,48.13103841838015,90,7,1
1790249570884,L1,52.43339449322692,99.0,100.0,33.6952675628486,100,11,1
1790249571884,L1,47.5876394214367,3.2269675317931186,0.0,62.05994516546816,3,9,0
1790249572884,L1,53.520553965142966,6.261921500713992,0.0,57.774073527645115,1,12,0
1790249573884,L1,37.484605758095555,4.094267699137381,0.0,54.66670981966081,2,12,0
1790249574884,L1,64.4376460407326,4.34623366135118,0.0,65.2100622715938,2,17,0
1790249575884,L1,49.178488216074314,4.404338705956508,0.0,40.51083479175163,3,15,0
1790249576884,L1,61.17295831588128,6.374438093170817,0.0,67.47363197915558,2,14,0
1790249577884,L1,53.42725346377704,2.864325786021304,0.0,59.32191564260385,4,12,0
1790249578884,L1,54.567532191537836,8.137748533659995,0.0,47.63444712781054,2,17,0
1790249579884,L1,55.69767280232204,6.056056809066051,0.0,61.35620147182944,1,11,0
1790249580884,L1,54.47708560017315,5.223238914129159,0.0,38.93706487588366,1,16,0
1790249581884,L1,56.42722759867544,4.945105999383713,0.0,41.75485838472326,0,10,0
1790249582884,L1,63.29152530132431,5.285554074857657,0.0,43.914102767603,2,13,0
1790249583884,L1,51.9652116970147,5.521122428379338,0.0,44.71022291935985,4,4,0
1790249584884,L1,57.09003757588512,5.645215585950057,0.0,39.43442357239747,1,10,0
1790249585884,L1,49.102643057127736,5.555604466003448,0.0,62.23083067095325,0,14,0
1790249586884,L1,64.40117215449473,5.089580681255248,0.0,47.41145599630168,2,5,0
1790249587884,L1,43.2360769794073,4.802661579692674,0.0,53.525049683568795,0,10,0
1790249588884,L1,68.00940432910815,4.848726716346488,0.0,44.29648633586319,0,9,0
1790249589884,L1,49.59842049355657,4.805091719647319,0.0,31.79396699451483,3,9,0
1790249590884,L1,35.69224897881952,6.133770096867065,0.0,52.70057358391422,2,10,0
1790249591884,L1,51.28104414910789,5.593556722280862,0.0,30.87745024580223,3,16,0
1790249592884,L1,43.18948342525119,2.0596113653357198,0.0,49.31365953914531,1,12,0
1790249593884,L1,58.406435489887244,5.655900776529761,0.0,36.3168496116719,1,10,0
1790249594884,L1,43.47376020697609,5.194736194718775,0.0,69.87275999230808,2,8,0
1790249595884,L1,45.538165667852205,4.981291243554103,0.0,59.113627221747215,4,12,0
1790249596884,L1,31.104592690544692,4.611481546911114,0.0,51.05753791271481,3,10,0
1790249597884,L1,45.47693680750923,6.124112719986013,0.0,62.63706677654669,1,7,0
1790249598884,L1,25.761206733710434,5.947526462122858,0.0,41.536840225342644,4,7,0
1790249599884,L1,34.16097176514277,4.227122332176391,0.0,55.43479378670093,1,13,0
1790249600884,L1,57.604146561442974,5.407052287124535,0.0,51.99810433718714,3,7,0
1790249601884,L1,57.85800158650832,4.028343265458714,0.0,52.6402008133367,1,13,0
1790249602884,L1,54.254575617849646,3.6203818352110697,0.0,62.72353500106768,1,9,0
1790249603884,L1,40.33023856870787,4.3732827754100345,0.0,57.32492102779802,2,12,0
1790249604884,L1,49.5228864385802,5.862393472382759,0.0,52.887236628250236,3,13,0
1790249605884,L1,49.963974609094315,5.953125045376087,0.0,33.45112563771704,1,8,0
1790249606884,L1,38.416353108074574,5.513085420097293,0.0,40.399537047205364,3,6,0
1790249607884,L1,65.0339830176715,5.725095786847997,0.0,48.77291066404276,2,8,0
1790249608884,L1,58.77362290575672,5.5161782871149585,0.0,50.93372374276651,2,12,0
1790249609884,L1,47.79035826170336,4.3585184047770476,0.0,38.69796275326076,2,12,0
1790249610884,L1,50.26885838994531,5.431922544673941,0.0,74.11676675578421,0,8,0
1790249611884,L1,52.08382807947552,5.800409525227683,0.0,65.16394055253573,5,12,0
1790249612884,L1,29.582651315757094,5.754291329813574,0.0,56.021183203924835,2,11,0
1790249613884,L1,47.52822617479403,6.1889133714746425,0.0,50.72036861283745,2,9,0
1790249614884,L1,43.180157520022014,5.708303847201064,0.0,47.877910300988475,0,10,0
1790249615884,L1,39.983799901050844,5.351448207541583,0.0,40.48081539977765,4,10,0
1790249616884,L1,47.18899707114045,6.070150238316428,0.0,50.774805185188626,1,16,0
1790249617884,L1,67.97686526849523,4.97347874075094,0.0,52.57752540142751,1,8,0
1790249618884,L1,56.4084286126701,4.118125348772282,0.0,37.58239424518376,5,14,0
1790249619884,L1,44.28821010217203,4.836933036056236,0.0,53.341764172448976,0,12,0
1790249620884,L1,55.72582781356159,4.255097355193551,0.0,48.44740951175251,2,7,0
